segment_id,n_raw,n_kept
mahatma-gandhi-marg_5873630_0,95,8
cariappa-marg_22834653_0,0,0
cariappa-marg_22834653_1,0,0
cariappa-marg_22834653_2,0,0
nh48_22897615_0,22,2
sabz-burj-circle_24563333_0,89,8
delhi-gurugram-expressway_24973559_0,93,8
delhi-gurugram-expressway_24973559_1,100,8
mahatma-gandhi-marg_25457965_0,100,8
mahatma-gandhi-marg_25524672_0,78,8
nh248bb_25524703_0,0,0
nelson-mandela-marg_25744612_0,0,0
delhi-gurugram-expressway_25878331_0,81,6
mehrauli-badarpur-road_26664726_0,0,0
nelson-mandela-marg_27422282_0,0,0
mahatma-gandhi-marg_28412393_0,0,0
mahatma-gandhi-marg_28412396_0,92,8
mahatma-gandhi-marg_28412397_0,0,0
mahatma-gandhi-marg_28412404_0,100,8
delhi-gurugram-expressway_28616600_0,100,8
delhi-gurugram-expressway_28616600_1,76,8
delhi-gurugram-expressway_28616601_0,100,8
delhi-gurugram-expressway_28616601_1,99,8
delhi-gurugram-expressway_28616604_0,95,8
delhi-gurugram-expressway_28616605_0,100,8
delhi-gurugram-expressway_28616606_0,0,0
nh48_28746242_0,18,2
mahatma-gandhi-marg_28746244_0,0,0
mahatma-gandhi-marg_28746244_1,94,8
mahatma-gandhi-marg_28746245_0,0,0
mahatma-gandhi-marg_28773614_0,0,0
mahatma-gandhi-marg_28773614_1,0,0
cariappa-marg_28773628_0,0,0
aurobindo-marg_29534879_0,0,0
aurobindo-marg_29534879_1,0,0
delhi-gurugram-expressway_31097489_0,97,8
delhi-gurugram-expressway_31097490_0,100,8
unnamed_31097494_0,0,0
ulan-batar-road_31097497_0,100,8
dwarka-expressway_31806390_0,56,8
dwarka-expressway_31806390_1,0,0
nh48_34404760_0,0,0
nh48_34404760_1,20,2
nh248bb_35307401_0,0,0
nh248bb_35307401_1,0,0
nh248bb_35307401_2,4,1
nh248bb_35307537_0,90,8
najafgarh-daurala-road_35310545_0,0,0
najafgarh-daurala-road_35310545_1,0,0
najafgarh-daurala-road_35310545_2,0,0
najafgarh-daurala-road_35310545_3,0,0
najafgarh-daurala-road_35310545_4,0,0
najafgarh-daurala-road_35310545_5,0,0
najafgarh-daurala-road_35310545_6,0,0
najafgarh-daurala-road_35310545_7,0,0
najafgarh-daurala-road_35310545_8,0,0
najafgarh-daurala-road_35310545_9,0,0
unnamed_35310546_0,0,0
unnamed_35310547_0,0,0
unnamed_35310548_0,0,0
unnamed_35310940_0,0,0
nangloi-road_35310941_0,0,0
najafgarh-nangloi-road_35310943_0,0,0
najafgarh-nangloi-road_35310943_1,0,0
najafgarh-nangloi-road_35311044_0,0,0
najafgarh-nangloi-road_35311044_1,0,0
najafgarh-nangloi-road_35311044_2,0,0
najafgarh-nangloi-road_35311045_0,0,0
najafgarh-nangloi-road_35311164_0,0,0
najafgarh-nangloi-road_35311164_1,0,0
nangloi-road_35311167_0,0,0
rd-no-224_35823388_0,84,8
dabri-dwarka-road_35823389_0,76,8
dabri-dwarka-road_35823389_1,0,0
bikaji-cama-place-flyover_36326998_0,96,8
mahatma-gandhi-marg_36326999_0,92,8
nelson-mandela-marg_37751252_0,0,0
nelson-mandela-marg_37751252_1,0,0
mahatma-gandhi-marg_37751254_0,100,8
mahatma-gandhi-marg_37751255_0,93,8
mahatma-gandhi-marg_38699434_0,88,8
mathura-road_39013511_0,88,8
ashram-railway-flyover_39013518_0,96,8
ashram-railway-flyover_39013520_0,100,8
ashram-railway-flyover_39013521_0,86,8
ashram-flyover_39013522_0,0,0
mahatma-gandhi-marg_39013523_0,39,2
ashram-flyover_39013524_0,100,8
mahatma-gandhi-marg_39013525_0,100,8
delhi-dehradun-expressway_40102594_0,0,0
mahipalpur-flyover_40138011_0,72,8
mahipalpur-flyover_40138011_1,100,8
acharya-shri-tulsi-marg_42944885_0,0,0
acharya-shri-tulsi-marg_42944885_1,0,0
mahatma-gandhi-marg_43359324_0,0,0
raj-nagar-flyover_44315437_0,0,0
raj-nagar-flyover_44315438_0,0,0
aiims-flyover_44315450_0,0,0
mahatma-gandhi-marg_44315451_0,0,0
aiims-flyover_44315456_0,0,0
moolchand-underpass_44316338_0,100,8
moolchand-underpass_44316339_0,100,8
south-extension-flyover_44316345_0,0,0
mahatma-gandhi-marg_44316346_0,100,8
ashram-railway-flyover_44317039_0,95,8
moti-bagh-flyover_44317158_0,0,0
moti-bagh-flyover_44317159_0,0,0
mehrauli-badarpur-road_45734464_0,0,0
mehrauli-badarpur-road_45734464_1,0,0
mehrauli-badarpur-road_45734465_0,0,0
mehrauli-badarpur-road_45734465_1,86,8
rd-no-224_47290483_0,99,8
dwarka-palam-road_47290485_0,0,0
dwarka-flyover_47290486_0,100,8
dwarka-flyover_47290489_0,34,1
dwarka-flyover_47290489_1,95,8
dwarka-palam-road_47290491_0,0,0
dwarka-palam-road_47290491_1,0,0
dwarka-palam-road_47290494_0,0,0
dwarka-palam-road_47290494_1,0,0
yakshini-chowk-underpass_47290501_0,2,2
dwarka-flyover_59035939_0,72,8
auchandi-border-road_60882614_0,0,0
bawana-road_60882632_0,0,0
nityanand-marg_70214078_0,100,8
nityanand-marg_70214098_0,0,0
mahatma-gandhi-marg_70214104_0,100,8
mahatma-gandhi-marg_70220642_0,0,0
mahatma-gandhi-marg_70220642_1,0,0
vikas-marg_70220643_0,0,0
ito-flyover_70220645_0,78,5
ito-flyover_70220647_0,78,4
ring-road_70220650_0,78,7
ito-flyover_70220654_0,78,3
vikas-marg_70255387_0,0,0
vikas-marg_70255388_0,78,3
vikas-marg_70255391_0,60,2
vikas-marg_70255398_0,0,0
vikas-marg_70255407_0,0,0
mahatma-gandhi-marg_70258948_0,0,0
mahatma-gandhi-marg_70258948_1,0,0
mahatma-gandhi-marg_70258948_2,0,0
mahatma-gandhi-marg_70258954_0,0,0
mahatma-gandhi-marg_70258955_0,0,0
nizamuddin-road-flyover_70258957_0,0,0
mahatma-gandhi-marg_70258960_0,0,0
mahatma-gandhi-marg_70258963_0,0,0
mahatma-gandhi-marg_70258965_0,0,0
nizamuddin-railway-station-flyover_70258966_0,0,0
dnd-flyway_71435185_0,0,0
dadri-road_71605351_0,0,0
dadri-road_71605370_0,0,0
dadri-road_71605465_0,0,0
delhi-meerut-expressway_72002966_0,100,8
delhi-meerut-expressway_72002968_0,0,0
delhi-meerut-expressway_72002996_0,0,0
swami-dayanand-marg_76702389_0,0,0
national-highway-24-bypass-flyover_76702787_0,100,8
road-number-57_76727403_0,0,0
road-number-57_76727472_0,0,0
road-number-57_76727604_0,0,0
karkari-mor-flyover_76733233_0,0,0
karkari-mor-flyover_76733238_0,0,0
road-number-57_76733280_0,0,0
road-number-57_76733280_1,0,0
road-number-57_76733280_2,0,0
karkari-mor-flyover_76733286_0,0,0
akshardham-flyover_76834865_0,0,0
delhi-meerut-expressway_76834866_0,0,0
noida-link-road_76834869_0,0,0
dadri-road_76834871_0,0,0
delhi-meerut-expressway_76834872_0,0,0
delhi-meerut-expressway_76834878_0,0,0
delhi-meerut-expressway_76834883_0,0,0
delhi-meerut-expressway_76834884_0,0,0
delhi-meerut-expressway_76834886_0,0,0
delhi-meerut-expressway_76834891_0,0,0
delhi-meerut-expressway_76834893_0,0,0
nh24-bypass_76834894_0,0,0
delhi-meerut-expressway_76834898_0,0,0
flyover_76834899_0,0,0
flyover_76834904_0,0,0
delhi-meerut-expressway_76834905_0,0,0
akshardham-flyover_76834906_0,0,0
delhi-meerut-expressway_76834907_0,0,0
delhi-meerut-expressway_76834908_0,0,0
delhi-meerut-expressway_76834909_0,0,0
delhi-meerut-expressway_76842646_0,0,0
delhi-meerut-expressway_76842647_0,0,0
delhi-meerut-expressway_76842648_0,0,0
delhi-meerut-expressway_76842649_0,0,0
swami-dayanand-marg_76849181_0,0,0
dnd-flyway_76849195_0,0,0
swami-dayanand-marg_76849232_0,0,0
swami-dayanand-marg_76849269_0,0,0
dnd-flyway_76849306_0,0,0
swami-dayanand-marg_76849332_0,0,0
dnd-flyway_76849415_0,0,0
delhi-meerut-expressway_76849496_0,0,0
unnamed_77004692_0,0,0
unnamed_77004708_0,0,0
jangpura-road-flyover_77015779_0,87,8
jangpura-road-flyover_77015802_0,100,8
jangpura-road-flyover_77015815_0,98,8
jangpura-road-flyover_77015834_0,100,8
mathura-road_77339655_0,100,8
mathura-road_77339656_0,72,7
mathura-road_77339657_0,76,8
mathura-road_77339658_0,67,8
jangpura-road-flyover_77349457_0,80,8
mahatma-gandhi-marg_77349469_0,0,0
modi-mill-flyover_77349473_0,0,0
jangpura-road-flyover_77349475_0,91,8
mahatma-gandhi-marg_77349483_0,0,0
outer-ring-road_77349484_0,87,7
mathura-road_77349488_0,97,8
mahatma-gandhi-marg_77349489_0,0,0
mahatma-gandhi-marg_77349510_0,0,0
jangpura-road-flyover_77349531_0,100,8
outer-ring-road_77355797_0,100,8
kalkaji-flyover_77355798_0,95,8
kalkaji-flyover_77355803_0,100,8
unnamed_77363921_0,100,8
khelgaon-flyover_77363924_0,99,8
outer-ring-road_77363925_0,0,0
iit-flyover_77363928_0,99,8
ho-chi-minh-marg_77363931_0,0,0
chirag-delhi-flyover_77363934_0,15,4
rao-tula-ram-marg_77363936_0,0,0
rao-tula-ram-marg_77363936_1,0,0
nehru-place-flyover_77363937_0,2,0
yakshini-chowk-underpass_77363938_0,0,0
nehru-place-flyover_77363939_0,0,0
ho-chi-minh-marg_77363941_0,0,0
chirag-delhi-flyover_77363942_0,15,3
ho-chi-minh-marg_77363948_0,0,0
unnamed_77363957_0,100,8
savitri-flyover_77363963_0,0,0
yakshini-chowk-underpass_77363979_0,2,0
aurobindo-marg_77363987_0,91,8
unnamed_77363988_0,97,8
nehru-place-flyover_77363989_0,0,0
yakshini-chowk-underpass_77363992_0,0,0
iit-flyover_77363994_0,64,8
unnamed_77363998_0,100,8
ulan-batar-road_77364007_0,100,8
rao-tula-ram-marg_77364013_0,17,2
rao-tula-ram-marg_77364013_1,0,0
khelgaon-flyover_77364016_0,81,7
khelgaon-flyover_77364024_0,0,0
unnamed_77364025_0,85,6
khelgaon-flyover_77364029_0,87,8
ring-road_77617172_0,80,5
ring-road_77617172_1,80,5
unnamed_77617192_0,0,0
mahatma-gandhi-marg_77617232_0,100,8
azadpur-flyover_77629868_0,0,0
azadpur-flyover_77629874_0,0,0
mahatma-gandhi-marg_77629878_0,0,0
mahatma-gandhi-marg_77629881_0,0,0
doctor-kb-hedgewar-marg_77629882_0,0,0
mall-road_77629887_0,0,0
arihant-marg_77629890_0,0,0
arihant-marg_77629890_1,0,0
mahatma-gandhi-road_77629892_0,0,0
mahatma-gandhi-marg_77629895_0,0,0
shalimar-bagh-flyover_77629896_0,0,0
shalimar-bagh-flyover_77629896_1,0,0
mahatma-gandhi-road_77629899_0,0,0
mahatma-gandhi-marg_77629903_0,0,0
grand-trunk-road_77629904_0,0,0
grand-trunk-road_77629904_1,0,0
mahatma-gandhi-road_77629911_0,0,0
outer-ring-road_77629920_0,0,0
outer-ring-road_77629923_0,0,0
mahatma-gandhi-road_77629925_0,0,0
nh44_77629927_0,0,0
azadpur-flyover_77629928_0,0,0
mahatma-gandhi-marg_77629932_0,0,0
nh44_77629936_0,0,0
mahatma-gandhi-marg_77629937_0,0,0
outer-ring-road_77629941_0,0,0
mahatma-gandhi-marg_77629944_0,0,0
mahatma-gandhi-marg_77629944_1,0,0
shaheed-captain-vikram-batra-flyover_77629945_0,0,0
shaheed-captain-vikram-batra-flyover_77629947_0,0,0
mahatma-gandhi-marg_77629953_0,0,0
shaheed-captain-vikram-batra-flyover_77629955_0,0,0
unnamed_77643337_0,0,0
outer-ring-road_77643342_0,0,0
outer-ring-road_77643345_0,0,0
outer-ring-road-underpass_77643355_0,0,0
outer-ring-road_77643370_0,0,0
outer-ring-road_77643373_0,0,0
outer-ring-road_77643373_1,0,0
outer-ring-road_77643373_2,0,0
outer-ring-road_77643376_0,0,0
unnamed_77643378_0,0,0
outer-ring-road_77643380_0,0,0
outer-ring-road_77643383_0,0,0
panjabi-bagh-underpass_77643393_0,0,0
outer-ring-road_77643397_0,0,0
outer-ring-road_77643397_1,0,0
outer-ring-road_77643397_2,0,0
outer-ring-road_77643398_0,0,0
outer-ring-road_77643398_1,0,0
mangolpuri-flyover_77643404_0,0,0
outer-ring-road_77643410_0,0,0
outer-ring-road_77643412_0,0,0
outer-ring-road_77643416_0,0,0
bhera-enclave-underpass_77643417_0,0,0
mangolpuri-flyover_77643424_0,0,0
outer-ring-road_77643425_0,0,0
outer-ring-road_77643427_0,0,0
outer-ring-road-underpass_77643433_0,0,0
outer-ring-road_77643435_0,0,0
outer-ring-road_77643440_0,0,0
outer-ring-road_77643442_0,0,0
bhera-enclave-underpass_77643444_0,0,0
outer-ring-road_77643448_0,0,0
outer-ring-road_77643452_0,0,0
outer-ring-road_77643454_0,0,0
outer-ring-road_77643459_0,0,0
unnamed_77643474_0,0,0
shivaji-marg_77645945_0,0,0
prembari-underpass_77743784_0,0,0
prembari-underpass_77743787_0,0,0
mahatma-gandhi-road_77743792_0,0,0
mahatma-gandhi-road_77743815_0,0,0
prembari-underpass_77743820_0,0,0
prembari-underpass_77743823_0,0,0
prembari-underpass_77743854_0,0,0
prembari-underpass_77743867_0,0,0
punjabi-bagh-chowk_77766225_0,0,0
shri-hans-maharaj-flyover_77766227_0,0,0
shri-hans-maharaj-flyover_77766230_0,0,0
ring-road_77766231_0,0,0
panjabi-bagh-underpass_77766233_0,0,0
mahatma-gandhi-road_77766235_0,0,0
mahatma-gandhi-road_77766235_1,0,0
ch-brahm-prakash-flyover_77766236_0,0,0
ch-brahm-prakash-flyover_77766237_0,0,0
ring-road_77766238_0,0,0
panjabi-bagh-underpass_77766240_0,0,0
rohtak-road_77766241_0,0,0
shri-hans-maharaj-flyover_77766247_0,0,0
mahatma-gandhi-road_77766249_0,0,0
rohtak-road_77766250_0,0,0
shri-hans-maharaj-flyover_77766251_0,0,0
mahatma-gandhi-road_77766252_0,0,0
rohtak-road_77766255_0,0,0
rohtak-road_77766255_1,0,0
shri-hans-maharaj-flyover_77766256_0,0,0
rohtak-road_77766259_0,0,0
rohtak-road_77766259_1,0,0
rohtak-road_77766259_2,0,0
rohtak-road_77766259_3,0,0
mahatma-gandhi-road_77766264_0,0,0
mahatma-gandhi-road_77766268_0,0,0
rohtak-road_77769941_0,0,0
zakhira-flyover_77769955_0,0,0
rohtak-road_77769985_0,0,0
rohtak-road_77769991_0,0,0
new-rohtak-road_77769996_0,0,0
zakhira-flyover_77770030_0,0,0
zakhira-flyover_77770030_1,0,0
rohtak-road_77770032_0,0,0
zakhira-flyover_77770036_0,0,0
zakhira-flyover_77770036_1,0,0
unnamed_77860386_0,0,0
unnamed_77860387_0,0,0
mahatma-gandhi-marg_77860389_0,0,0
unnamed_77860394_0,0,0
raja-garden-flyover_77860395_0,80,8
club-road-flyover_77860396_0,0,0
raja-garden-flyover_77860398_0,100,8
club-road-flyover_77860399_0,0,0
moti-nagar-flyover_77860401_0,0,0
club-road-flyover_77860402_0,0,0
mahatma-gandhi-marg_77860407_0,95,8
mahatma-gandhi-road_77860408_0,0,0
mahatma-gandhi-marg_77860409_0,0,0
club-road-flyover_77860412_0,0,0
mahatma-gandhi-road_77860419_0,0,0
mahatma-gandhi-marg-bridge_77862360_0,25,8
mahatma-gandhi-marg-bridge_77862374_0,74,8
mahatma-gandhi-marg_77862377_0,0,0
naraina-flyover_77862381_0,96,8
naraina-flyover_77862381_1,55,8
naraina-flyover_77862391_0,25,5
mahatma-gandhi-marg_77862392_0,90,8
mahatma-gandhi-marg_77862398_0,100,8
naraina-flyover_77862399_0,97,8
mahatma-gandhi-marg-bridge_77862400_0,21,3
mahatma-gandhi-marg_77862405_0,67,8
mahatma-gandhi-marg-bridge_77862409_0,15,1
mahatma-gandhi-marg_77862411_0,99,8
mahatma-gandhi-marg_77868599_0,0,0
unnamed_77868648_0,0,0
mahatma-gandhi-marg_77881950_0,0,0
mahatma-gandhi-marg_77882055_0,0,0
mahatma-gandhi-marg_77882055_1,0,0
new-rohtak-road_77885887_0,0,0
new-rohtak-road_77885887_1,0,0
rohtak-road_77888924_0,0,0
rohtak-road_77888924_1,0,0
rohtak-road_77888924_2,0,0
rohtak-road_77888936_0,0,0
rohtak-road_77888936_1,0,0
rohtak-road_77888936_2,0,0
rohtak-road_77888936_3,0,0
doctor-kb-hedgewar-marg_77891225_0,0,0
arihant-marg_77891251_0,0,0
doctor-kb-hedgewar-marg_77891255_0,0,0
doctor-kb-hedgewar-marg_77891272_0,0,0
doctor-kb-hedgewar-marg_77891272_1,0,0
doctor-kb-hedgewar-marg_77891272_2,0,0
mahatma-gandhi-road_78168081_0,0,0
azadpur-flyover_78168082_0,0,0
grand-trunk-road_78331464_0,0,0
grand-trunk-road_78331469_0,0,0
grand-trunk-road_78331471_0,0,0
grand-trunk-road_78331476_0,0,0
grand-trunk-road_78331478_0,0,0
grand-trunk-road_78331491_0,0,0
grand-trunk-road_78331491_1,0,0
grand-trunk-road_78331498_0,0,0
grand-trunk-road_78331501_0,0,0
unnamed_78484387_0,0,0
unnamed_78484396_0,0,0
doctor-kailash-nath-katju-marg_78484433_0,0,0
unnamed_78484467_0,0,0
arihant-marg_78785336_0,0,0
arihant-marg_78785551_0,0,0
arihant-marg_78785610_0,0,0
arihant-marg_78786221_0,0,0
modi-mill-flyover_80511831_0,0,0
aurobindo-marg_80515440_0,0,0
aurobindo-marg_80515444_0,0,0
dabri-gurgaon-road_80678894_0,0,0
dadri-road_81058750_0,0,0
dadri-road_81058750_1,0,0
vikas-marg_81061267_0,0,0
vikas-marg_81061268_0,0,0
vikas-marg_81061277_0,0,0
vikas-marg_81061296_0,0,0
vikas-marg_81061296_1,0,0
bikaji-cama-place-flyover_81387670_0,99,8
unnamed_103170712_0,0,0
bawana-road_111287133_0,0,0
bawana-road_111287133_1,0,0
okhla-estate-marg-flyover_116046171_0,0,0
okhla-estate-marg-flyover_116046174_0,0,0
mayur-vihar-flyover_121067085_0,0,0
dadri-road_121067086_0,0,0
mayur-vihar-flyover_121067087_0,0,0
unnamed_121067090_0,0,0
unnamed_121067090_1,0,0
sachivalaya-road-flyover_125736541_0,0,0
sachivalaya-road-flyover_125736542_0,0,0
sachivalaya-road-flyover_125736543_0,0,0
sachivalaya-road-flyover_125736544_0,78,3
acharya-shri-tulsi-marg_135465291_0,0,0
aurobindo-marg_150401885_0,86,8
dabri-palam-road_154180965_0,0,0
dabri-palam-road_154180965_1,0,0
dabri-palam-road_154180973_0,0,0
dabri-palam-road_154180973_1,49,8
pankha-road-flyover_164461742_0,0,0
mehrauli-badarpur-road_168923897_0,0,0
mehrauli-badarpur-road_168923897_1,87,8
mehrauli-badarpur-road_168923897_2,93,8
mehrauli-badarpur-road_168923899_0,94,8
mehrauli-badarpur-road_168923899_1,0,0
mehrauli-badarpur-road_168923899_2,0,0
mahipalpur-flyover_169324593_0,100,8
sh18_169365628_0,0,0
mathura-road_170455027_0,62,8
unnamed_170455123_0,87,8
mathura-road_170455156_0,98,8
unnamed_170455186_0,84,8
unnamed_170455193_0,93,8
mathura-road_170455204_0,100,8
unnamed_170455224_0,92,8
mehrauli-badarpur-road_170460549_0,0,0
mehrauli-badarpur-road_170460552_0,65,6
mehrauli-badarpur-road_170460552_1,51,5
mehrauli-badarpur-road_170460553_0,8,2
baba-banda-singh-bahadur-setu_170767283_0,89,8
baba-banda-singh-bahadur-setu_170767283_1,86,8
baba-banda-singh-bahadur-setu_170767283_2,83,8
baba-banda-singh-bahadur-setu_170767284_0,66,8
baba-banda-singh-bahadur-setu_170767284_1,95,8
baba-banda-singh-bahadur-setu_170767284_2,98,8
baba-banda-singh-bahadur-setu_170767284_3,100,8
barapullah-road_170767285_0,0,0
mahatma-gandhi-marg_170767287_0,0,0
delhi-meerut-expressway_170938115_0,0,0
delhi-meerut-expressway_170938116_0,0,0
delhi-meerut-expressway_170938117_0,0,0
rohtak-road_171505928_0,0,0
rohtak-road_171505928_1,0,0
rohtak-road_171505929_0,0,0
rohtak-road_171505929_1,0,0
rohtak-road_171505929_2,0,0
rohtak-road_171505929_3,0,0
rohtak-road_171505929_4,0,0
rohtak-road_171505929_5,0,0
rohtak-road_171505930_0,0,0
rohtak-road_171505931_0,0,0
nangloi-flyover_171505932_0,0,0
nangloi-flyover_171505933_0,0,0
rohtak-road_171505934_0,0,0
rohtak-road_171505935_0,0,0
mahatma-gandhi-marg_171539220_0,0,0
mahatma-gandhi-marg_171539228_0,0,0
mahatma-gandhi-marg_171539228_1,0,0
bawana-road_171708712_0,0,0
bawana-road_171708713_0,0,0
unnamed_171719018_0,0,0
unnamed_171719018_1,0,0
bawana-road_171719022_0,0,0
bawana-road_171719029_0,0,0
bawana-road_171719029_1,0,0
unnamed_171719031_0,0,0
delhi-road_171719072_0,0,0
unnamed_171719098_0,0,0
bawana-road_171719144_0,0,0
nh344p_171719154_0,0,0
nh344p_171719155_0,0,0
unnamed_171719166_0,0,0
unnamed_171719171_0,0,0
mathura-road_172701715_0,0,0
mathura-road_172701715_1,31,4
unnamed_172701717_0,28,8
unnamed_173946378_0,0,0
delhi-dehradun-expressway_175769881_0,0,0
delhi-dehradun-expressway_175769881_1,0,0
delhi-dehradun-expressway_175769882_0,0,0
delhi-dehradun-expressway_175769882_1,0,0
delhi-dehradun-expressway_175769883_0,0,0
delhi-dehradun-expressway_175769884_0,0,0
delhi-dehradun-expressway_175769885_0,0,0
delhi-dehradun-expressway_175769886_0,0,0
delhi-dehradun-expressway_175769887_0,0,0
delhi-dehradun-expressway_175769888_0,0,0
ring-road_175769901_0,0,0
ring-road_175769901_1,0,0
vikas-marg_175769958_0,0,0
unnamed_175774708_0,0,0
unnamed_175774713_0,0,0
shahdara-flyover_175774714_0,0,0
shahdara-flyover_175774717_0,0,0
swami-dayanand-marg_175774742_0,0,0
road-number-57_175774745_0,0,0
road-number-57_175774746_0,0,0
gt-road_175774760_0,0,0
unnamed_175774765_0,0,0
hanuman-mandir-flyover_175800219_0,100,7
hanuman-mandir-flyover_175800226_0,100,8
shahdara-flyover_175800236_0,0,0
shahdara-flyover_175800236_1,0,0
shahdara-flyover_175800237_0,0,0
shahdara-flyover_175800237_1,0,0
gt-road_175800244_0,61,5
unnamed_175800250_0,0,0
g-t-road_175800253_0,93,6
g-t-road_175800255_0,0,0
shahdara-flyover_175800258_0,0,0
shahdara-flyover_175800261_0,0,0
gt-road_175800263_0,86,6
gt-road_175800265_0,0,0
gt-road_175800283_0,0,0
ring-road_175800298_0,80,5
loni-road_175803863_0,0,0
loni-road_175803863_1,0,0
loni-road_175803863_2,0,0
loni-road_175803864_0,0,0
loni-road_175803864_1,0,0
loni-road_175803864_2,0,0
loni-road_175803864_3,0,0
loni-road_175803864_4,0,0
loni-road_175803864_5,0,0
loni-road_175803864_6,0,0
loni-road_175803864_7,0,0
loni-road_175803864_8,0,0
loni-road_175803866_0,0,0
delhi-dehradun-expressway_175803867_0,0,0
delhi-dehradun-expressway_175803869_0,0,0
delhi-dehradun-expressway_175803869_1,0,0
delhi-dehradun-expressway_175803869_2,0,0
ring-road_175803876_0,80,5
ring-road_175803885_0,80,5
delhi-dehradun-expressway_175803909_0,0,0
delhi-dehradun-expressway_175803909_1,0,0
delhi-dehradun-expressway_175803910_0,0,0
delhi-dehradun-expressway_175803910_1,0,0
nh9_175803912_0,0,0
shahdara-flyover_175803918_0,0,0
nh9_175803947_0,0,0
nh9_175803947_1,0,0
unnamed_175803968_0,0,0
wazirabad-road_175804037_0,0,0
wazirabad-road_175804038_0,0,0
shahdara-flyover_175804059_0,0,0
shahdara-flyover_175804062_0,0,0
wazirabad-road_175804068_0,0,0
wazirabad-road_175804069_0,0,0
wazirabad-road_175804069_1,0,0
wazirabad-road_175804073_0,0,0
delhi-loni-road-flyover_175804080_0,0,0
delhi-loni-road-flyover_175804081_0,0,0
gt-road_175804082_0,57,4
wazirabad-road_175804084_0,0,0
wazirabad-road_175804087_0,0,0
wazirabad-road_175804088_0,0,0
gt-road_175804092_0,85,5
wazirabad-road_175804093_0,0,0
palam-marg_176162161_0,24,4
barapullah-road-flyover_176492659_0,0,0
unnamed_187993675_0,100,8
mathura-road_188616223_0,0,0
urban-extension-road-ii_189591732_0,0,0
urban-extension-road-ii_189591732_1,0,0
unnamed_189598821_0,0,0
unnamed_189598821_1,0,0
mahatma-gandhi-marg_189610307_0,82,7
mahatma-gandhi-marg_189610310_0,99,8
delhi-gurugram-expressway_190261045_0,0,0
delhi-gurugram-expressway_190261048_0,93,8
delhi-gurugram-expressway_190261052_0,95,6
delhi-gurugram-expressway_190261055_0,0,0
delhi-gurugram-expressway_190261057_0,0,0
masoodpur-flyover_190278387_0,0,0
nelson-mandela-marg_190297425_0,0,0
munirka-flyover_190307552_0,24,3
munirka-flyover_190307552_1,0,0
munirka-flyover_190307554_0,0,0
munirka-flyover_190307558_0,24,3
palam-marg_190307560_0,96,8
bharthal-railway-underpass_190358329_0,95,8
bharthal-railway-underpass_190358330_0,83,8
urban-extension-road-ii_193824811_0,0,0
urban-extension-road-ii_194271811_0,0,0
urban-extension-road-ii_194271811_1,0,0
kirby-place-junction_195207623_0,0,0
cariappa-marg_195207624_0,0,0
cariappa-marg_195207626_0,0,0
pankha-road_195207629_0,0,0
pankha-road_195207630_0,0,0
pankha-road_195207631_0,0,0
cariappa-marg_195207632_0,0,0
pankha-road_195207633_0,0,0
pankha-road_195207633_1,0,0
rohtak-road_198065394_0,0,0
rohtak-road_198065394_1,0,0
rohtak-road_198065397_0,0,0
mathura-road_202645528_0,0,0
mathura-road_202645528_1,0,0
mathura-road_202645528_2,0,0
mathura-road_202645529_0,100,8
rohtak-road_202664784_0,0,0
rohtak-road_202664784_1,0,0
rohtak-road_202664784_2,0,0
zakhira-flyover_202664785_0,0,0
panjabi-bagh-underpass_202664787_0,0,0
unnamed_202672558_0,0,0
abdul-gaffar-khan-marg_202672559_0,0,0
abdul-gaffar-khan-marg_202672559_1,0,0
anuvrat-marg_202672560_0,0,0
mahatma-gandhi-marg_202675176_0,95,8
nizamuddin-railway-station-flyover_202678360_0,0,0
doctor-kb-hedgewar-marg_202762524_0,100,8
doctor-kb-hedgewar-marg_202762524_1,77,7
mahatma-gandhi-road_202762525_0,100,8
delhi-meerut-expressway_202801080_0,0,0
delhi-meerut-expressway_202801081_0,0,0
flyover_202801082_0,0,0
delhi-meerut-expressway_202801083_0,0,0
flyover_202801084_0,0,0
flyover_202801085_0,0,0
flyover_202801086_0,0,0
delhi-meerut-expressway_202801087_0,0,0
sham-nath-marg_202830263_0,0,0
sham-nath-marg_202830263_1,0,0
mahatma-gandhi-marg_202830264_0,100,8
pankha-road_202970027_0,0,0
najafgarh-daurala-road_202974527_0,0,0
najafgarh-daurala-road_202974527_1,0,0
najafgarh-daurala-road_202974527_2,0,0
urban-extension-road-ii_202979956_0,0,0
urban-extension-road-ii_202979956_1,0,0
urban-extension-road-ii_202980175_0,0,0
urban-extension-road-ii_202980175_1,0,0
urban-extension-road-ii_202981468_0,0,0
dwarka-expressway_203589999_0,0,0
rao-tula-ram-marg_203598792_0,82,8
road-number-201_203598793_0,95,8
unnamed_203599258_0,100,8
unnamed_203599270_0,100,8
bawana-road_204980192_0,0,0
bawana-road_204980192_1,0,0
delhi-gurugram-expressway_205771483_0,100,8
delhi-gurugram-expressway_205771483_1,100,8
mahipalpur-flyover_205771485_0,100,8
mahipalpur-flyover_205771485_1,93,7
bawana-auchandi-border-road_206138925_0,0,0
delhi-dehradun-expressway_211144686_0,0,0
delhi-dehradun-expressway_211144687_0,0,0
delhi-dehradun-expressway_211144688_0,0,0
noida-link-road_211144689_0,0,0
mayur-vihar-phase1-flyover_211191570_0,0,0
mayur-vihar-phase1-flyover_211191571_0,0,0
mayur-vihar-phase1-flyover_211191572_0,0,0
mayur-vihar-flyover_211191574_0,0,0
mayur-vihar-flyover_211191575_0,0,0
mayur-vihar-flyover_211191576_0,0,0
dadri-road_211191577_0,0,0
mayur-vihar-phase1-flyover_211191580_0,0,0
unnamed_211191581_0,0,0
unnamed_211191581_1,0,0
urban-extension-road-ii_220711849_0,0,0
urban-extension-road-ii_220711851_0,0,0
delhi-gurugram-expressway_225718656_0,0,0
grand-trunk-road_228423376_0,0,0
bahadurgarh-bypass_239364420_0,0,0
rohtak-road_239364440_0,0,0
rohtak-road_239364440_1,0,0
rohtak-road_239364440_2,0,0
rohtak-road_239364440_3,0,0
road-number-57_243056161_0,0,0
road-number-57_243056161_1,0,0
karkari-mor-flyover_243056163_0,0,0
anuvrat-marg_256583522_0,0,0
acharya-shri-tulsi-marg_256583524_0,0,0
mathura-road_258237309_0,31,3
mathura-road_258237309_1,13,6
okhla-estate-marg-flyover_258237311_0,0,0
mathura-road_258237313_0,0,0
mathura-road_258237313_1,0,0
mathura-road_258237313_2,0,0
dabri-mor-flyover_258900791_0,0,0
dabri-mor-flyover_258901182_0,0,0
dabri-mor-flyover_258902098_0,0,0
dabri-mor-flyover_258902099_0,0,0
dabri-mor-flyover_258902101_0,0,0
dabri-mor-flyover_258902102_0,0,0
nangloi-road_259022070_0,0,0
nangloi-road_259022070_1,0,0
nangloi-road_259022070_2,0,0
nangloi-road_259022071_0,0,0
nangloi-road_259022074_0,0,0
nangloi-road_259022074_1,0,0
nangloi-road_259022074_2,0,0
outer-ring-road_263456933_0,0,0
outer-ring-road_263456933_1,0,0
outer-ring-road_263456933_2,0,0
nh48_264711057_0,0,0
barapullah-road-flyover_265747902_0,0,0
acharya-shri-tulsi-marg_266776805_0,0,0
acharya-shri-tulsi-marg_266776805_1,0,0
acharya-shri-tulsi-marg_266776805_2,0,0
acharya-shri-tulsi-marg_266776805_3,0,0
acharya-shri-tulsi-marg_266776805_4,0,0
acharya-shri-tulsi-marg_266776805_5,0,0
acharya-shri-tulsi-marg_266776805_6,0,0
barapullah-road-flyover_287658616_0,0,0
barapullah-road-flyover_287658618_0,0,0
barapullah-road-flyover_287658619_0,0,0
mehrauli-badarpur-road_287870802_0,47,5
mehrauli-badarpur-road_287870802_1,94,8
doctor-kb-hedgewar-marg_290137949_0,99,8
doctor-kb-hedgewar-marg_290137949_1,100,8
wazirabad-flyover_290137950_0,0,0
wazirabad-flyover_290137952_0,0,0
wazirabad-flyover_290137953_0,0,0
doctor-kb-hedgewar-marg_290137957_0,0,0
unnamed_290681553_0,0,0
grand-trunk-road_293091496_0,0,0
nh44_293091497_0,0,0
nh248bb_293544334_0,100,8
mahatma-gandhi-marg_297086687_0,100,8
doctor-kailash-nath-katju-marg_300032966_0,0,0
doctor-kailash-nath-katju-marg_300032969_0,0,0
doctor-kailash-nath-katju-marg_300033523_0,0,0
doctor-kailash-nath-katju-marg_300033529_0,0,0
doctor-kailash-nath-katju-marg_300034120_0,0,0
doctor-kailash-nath-katju-marg_300034123_0,0,0
doctor-kailash-nath-katju-marg_300034123_1,0,0
ashram-railway-flyover_312031898_0,100,8
ashram-railway-flyover_312031900_0,100,8
mahatma-gandhi-marg_312031901_0,100,8
nelson-mandela-marg_312126316_0,0,0
nelson-mandela-marg_312126317_0,0,0
nelson-mandela-marg_312126319_0,0,0
nelson-mandela-marg_312126319_1,0,0
unnamed_312126635_0,0,0
nelson-mandela-marg_312127509_0,0,0
dwarka-expressway_313488529_0,0,0
abdul-gaffar-khan-marg_313541230_0,0,0
unnamed_313905499_0,0,0
dabri-dwarka-road_313905500_0,0,0
dabri-dwarka-road_313905500_1,89,8
najafgarh-nangloi-road_314926685_0,0,0
najafgarh-nangloi-road_314926685_1,0,0
najafgarh-nangloi-road_314926687_0,0,0
najafgarh-nangloi-road_314926687_1,0,0
dichaon-road_317513933_0,0,0
urban-extension-road-ii_358642618_0,0,0
urban-extension-road-ii_358642618_1,0,0
nh344m_358642619_0,0,0
nh344m_358642620_0,0,0
urban-extension-road-ii_358642621_0,0,0
urban-extension-road-ii_358642621_1,0,0
urban-extension-road-ii_358642622_0,0,0
urban-extension-road-ii_358642622_1,0,0
doctor-kb-hedgewar-marg_361729387_0,0,0
shalimar-bagh-flyover_364876214_0,0,0
shalimar-bagh-flyover_364876214_1,0,0
mahatma-gandhi-road_364876217_0,0,0
delhi-dehradun-expressway_370545019_0,0,0
outer-ring-road_374689514_0,0,0
outer-ring-road_374689515_0,0,0
unnamed_374689518_0,0,0
unnamed_386439543_0,100,7
nh9_387636774_0,0,0
nh9_387636774_1,0,0
gt-road_387636933_0,0,0
mathura-road_387683750_0,0,0
anuvrat-marg_391981117_0,24,2
delhi-noida-direct-flyway_395885008_0,0,0
delhi-noida-direct-flyway_395885010_0,0,0
doctor-kb-hedgewar-marg_395885012_0,0,0
doctor-kb-hedgewar-marg_395885013_0,0,0
shaheed-captain-vikram-batra-flyover_395885014_0,0,0
nizamuddin-road-flyover_395885020_0,0,0
mahatma-gandhi-marg_395885021_0,0,0
mahatma-gandhi-marg_395885022_0,0,0
mahatma-gandhi-marg_395885023_0,100,8
nizamuddin-railway-station-flyover_395885024_0,0,0
mahatma-gandhi-road_395885025_0,100,8
unnamed_395885043_0,100,7
unnamed_395885044_0,23,2
shaheed-captain-vikram-batra-flyover_395885045_0,0,0
unnamed_415785283_0,0,0
baba-banda-singh-bahadur-setu_428242223_0,0,0
swami-dayanand-marg_446686628_0,0,0
swami-dayanand-marg_446686632_0,0,0
road-number-57_446734301_0,0,0
vikas-marg_446922580_0,0,0
vikas-marg_446922580_1,0,0
vikas-marg_446923135_0,0,0
road-number-57_446957212_0,0,0
vikas-marg_447130904_0,78,3
swami-dayanand-marg_447602097_0,0,0
delhi-meerut-expressway_447654041_0,0,0
delhi-meerut-expressway_447654044_0,0,0
flyover_447654046_0,0,0
delhi-meerut-expressway_447654047_0,0,0
chirag-delhi-flyover_447654050_0,2,1
rani-jhansi-flyover_464265868_0,0,0
rani-jhansi-flyover_464265868_1,0,0
unnamed_472576395_0,96,8
wazirabad-road_475165730_0,0,0
wazirabad-road_475165731_0,0,0
cariappa-marg_488174447_0,0,0
bhagwan-mahavir-marg_488174453_0,0,0
bhagwan-mahavir-marg_488174453_1,0,0
bhagwan-mahavir-marg_488174454_0,0,0
bhagwan-mahavir-marg_488174454_1,0,0
shivaji-marg_488174462_0,0,0
shivaji-marg_488174464_0,0,0
shivaji-marg_492441456_0,0,0
shivaji-marg_492441457_0,0,0
rohtak-road_501786881_0,0,0
doctor-kb-hedgewar-marg_502428936_0,0,0
doctor-kb-hedgewar-marg_502428942_0,0,0
doctor-kb-hedgewar-marg_502428945_0,0,0
doctor-kb-hedgewar-marg_502428945_1,0,0
doctor-kb-hedgewar-marg_502428945_2,0,0
doctor-kb-hedgewar-marg_502428949_0,0,0
outer-ring-road_514521566_0,26,6
outer-ring-road_514521566_1,56,8
khelgaon-flyover_514521567_0,100,8
wazirabad-flyover_519172099_0,0,0
wazirabad-flyover_519172101_0,0,0
doctor-kb-hedgewar-marg_519440485_0,0,0
burari-flyover_519440486_0,0,0
burari-flyover_519440487_0,0,0
bhalswa-flyover_519440488_0,0,0
bhalswa-flyover_519440489_0,0,0
doctor-kb-hedgewar-marg_519440490_0,0,0
doctor-kb-hedgewar-marg_519440491_0,0,0
bhalswa-flyover_519440492_0,0,0
outer-ring-road_519444400_0,0,0
outer-ring-road_519444400_1,0,0
outer-ring-road_519444401_0,0,0
outer-ring-road_519444402_0,0,0
outer-ring-road_519444403_0,0,0
outer-ring-road_519444404_0,0,0
outer-ring-road_519444407_0,81,5
mangolpuri-flyover_519445877_0,0,0
mangolpuri-flyover_519445878_0,0,0
mangolpuri-flyover_519445879_0,0,0
outer-ring-road_519445880_0,0,0
mangolpuri-flyover_519445881_0,0,0
mangolpuri-flyover_519445881_1,0,0
mangolpuri-flyover_519445881_2,0,0
mangolpuri-flyover_519445882_0,0,0
mangolpuri-flyover_519445882_1,0,0
mangolpuri-flyover_519445882_2,0,0
outer-ring-road_519665076_0,0,0
outer-ring-road_519665080_0,0,0
outer-ring-road_519665087_0,0,0
savitri-flyover_523568279_0,0,0
nizamuddin-road-flyover_523568281_0,0,0
swami-dayanand-marg_523568286_0,0,0
road-number-57_523568289_0,0,0
vikas-marg_523568293_0,0,0
road-number-57_523568295_0,0,0
dwarka-flyover_532686697_0,83,8
iit-flyover_532693131_0,100,8
outer-ring-road_532737410_0,81,8
outer-ring-road_532737411_0,100,8
outer-ring-road_532737412_0,100,8
outer-ring-road_532737420_0,91,8
iit-flyover_532737422_0,100,8
outer-ring-road_532737425_0,67,8
outer-ring-road_532737427_0,26,5
iit-flyover_532737429_0,100,8
palam-marg_532737432_0,93,8
delhi-gurugram-expressway_532737436_0,100,8
dwarka-flyover_532739760_0,100,8
road-number-201_532739767_0,97,8
delhi-gurugram-expressway_532740517_0,100,8
abdul-gaffar-khan-marg_533569871_0,100,8
ulan-batar-road_541882688_0,88,6
ho-chi-minh-marg_541887313_0,0,0
ho-chi-minh-marg_541887314_0,0,0
ho-chi-minh-marg_541887314_1,15,2
nh48_553321280_0,0,0
nh48_553321281_0,0,0
nh48_553321282_0,0,0
outer-ring-road_554288622_0,0,0
nh48_554798484_0,0,0
nh48_554798486_0,0,0
okhla-estate-marg-flyover_554976656_0,0,0
okhla-estate-marg-flyover_554976657_0,0,0
dwarka-palam-road_555197179_0,2,0
chirag-delhi-flyover_555197181_0,15,2
khelgaon-flyover_555197182_0,0,0
dwarka-flyover_555197184_0,90,8
chirag-delhi-flyover_555197188_0,2,0
outer-ring-road_555197190_0,97,8
outer-ring-road_555197191_0,70,7
mahatma-gandhi-marg_555197195_0,99,8
mahatma-gandhi-marg_555197196_0,100,7
mahatma-gandhi-marg_555197199_0,50,3
nizamuddin-railway-station-flyover_555197202_0,0,0
delhi-meerut-expressway_555197207_0,0,0
delhi-meerut-expressway_555197209_0,0,0
mahatma-gandhi-marg_555197211_0,0,0
mahatma-gandhi-marg_555197213_0,0,0
delhi-meerut-expressway_555197217_0,0,0
delhi-meerut-expressway_555197219_0,0,0
delhi-meerut-expressway_555197225_0,0,0
palam-marg_555517575_0,19,2
moolchand-underpass_556741446_0,98,8
ho-chi-minh-marg_557707164_0,0,0
palam-marg_558065087_0,0,0
palam-marg_558065090_0,24,3
nelson-mandela-marg_560463182_0,5,1
anuvrat-marg_560651110_0,10,1
south-extension-flyover_561759715_0,80,8
moolchand-underpass_561759716_0,92,8
ho-chi-minh-marg_561859656_0,0,0
moolchand-underpass_563679827_0,86,8
south-extension-flyover_563679828_0,71,8
mehrauli-badarpur-road_563714762_0,0,0
mehrauli-badarpur-road_563714763_0,0,0
unnamed_563714764_0,0,0
mehrauli-badarpur-road_563714765_0,0,0
aurobindo-marg_563714771_0,43,5
mehrauli-badarpur-road_563714773_0,0,0
aurobindo-marg_563714774_0,10,1
aurobindo-marg_563714776_0,97,8
south-extension-flyover_564173144_0,0,0
aiims-flyover_564173145_0,0,0
mahatma-gandhi-marg_565938868_0,0,0
south-extension-flyover_565938870_0,0,0
mahatma-gandhi-marg_565938871_0,0,0
aurobindo-marg_566009657_0,0,0
modi-mill-flyover_566009662_0,72,6
anuvrat-marg_566009663_0,10,1
aurobindo-marg_566009664_0,10,1
anuvrat-marg_566009665_0,0,0
anuvrat-marg_566009665_1,10,1
palam-marg_566157559_0,0,0
palam-marg_566157560_0,0,0
palam-marg_566157561_0,0,0
anuvrat-marg_566465685_0,10,1
mehrauli-badarpur-road_566465686_0,10,1
anuvrat-marg_566465687_0,10,1
aurobindo-marg_566680380_0,0,0
ashram-railway-flyover_566680381_0,98,7
lajpat-nagar-flyover_566680382_0,81,3
lajpat-nagar-flyover_566680385_0,74,8
nehru-place-flyover_566680390_0,0,0
modi-mill-flyover_566680393_0,20,2
mehrauli-badarpur-road_566680398_0,0,0
mahatma-gandhi-marg_567831190_0,99,8
mahatma-gandhi-marg_567831208_0,0,0
moti-bagh-flyover_567831209_0,0,0
aurobindo-marg_570413611_0,100,8
aurobindo-marg_570413612_0,100,8
aurobindo-marg_570413613_0,100,4
aiims-flyover_570427347_0,0,0
aurobindo-marg_570427348_0,0,0
aurobindo-marg_570526063_0,66,8
aurobindo-marg_570526064_0,44,6
outer-ring-road_570526065_0,85,8
mehrauli-badarpur-road_570526073_0,0,0
mehrauli-badarpur-road_570526074_0,0,0
nityanand-marg_570896882_0,0,0
palam-marg_571167089_0,24,2
anuvrat-marg_571450090_0,10,1
anuvrat-marg_571450094_0,10,1
anuvrat-marg_571450111_0,10,0
mehrauli-badarpur-road_571904071_0,0,0
mehrauli-badarpur-road_571904072_0,0,0
lajpat-nagar-flyover_572511729_0,100,8
kalkaji-flyover_577665918_0,99,8
outer-ring-road_577665920_0,100,8
vikas-marg_577665921_0,0,0
aurobindo-marg_578309997_0,0,0
aurobindo-marg_578309999_0,0,0
aurobindo-marg_578310002_0,0,0
aurobindo-marg_578310005_0,37,3
aurobindo-marg_578310008_0,66,8
aurobindo-marg_578310016_0,10,0
anuvrat-marg_580856051_0,0,0
unnamed_581219448_0,88,7
mahatma-gandhi-marg_581239050_0,100,4
mathura-road_581371938_0,69,8
mathura-road_581371939_0,31,3
mehrauli-badarpur-road_581371941_0,0,0
mehrauli-badarpur-road_581371945_0,0,0
aurobindo-marg_582367349_0,0,0
aurobindo-marg_582367351_0,67,4
lajpat-nagar-flyover_583143701_0,100,8
aurobindo-marg_583143702_0,0,0
aiims-flyover_583143704_0,0,0
bikaji-cama-place-flyover_583143706_0,100,8
moti-bagh-flyover_583917363_0,0,0
outer-ring-road_584150744_0,91,6
outer-ring-road_584150746_0,76,5
nehru-place-flyover_584150748_0,1,0
mahatma-gandhi-marg_584241781_0,90,5
mathura-road_584241782_0,99,6
jangpura-road-flyover_584241783_0,92,8
mathura-road_584241793_0,100,8
mathura-road_584241794_0,100,3
mahatma-gandhi-marg_584241795_0,96,2
dwarka-flyover_585189788_0,0,0
moti-bagh-flyover_585446268_0,0,0
mahatma-gandhi-marg_585446269_0,100,8
mahatma-gandhi-marg_585446270_0,97,8
raj-nagar-flyover_585446271_0,0,0
nityanand-marg_585446281_0,83,8
aiims-flyover_586186521_0,0,0
abdul-gaffar-khan-marg_586684174_0,0,0
abdul-gaffar-khan-marg_586684175_0,0,0
abdul-gaffar-khan-marg_586684175_1,0,0
delhi-gurugram-expressway_586684183_0,100,8
delhi-gurugram-expressway_586684183_1,100,8
abdul-gaffar-khan-marg_586684196_0,87,8
anuvrat-marg_586684197_0,10,0
mehrauli-badarpur-road_586684198_0,10,0
abdul-gaffar-khan-marg_586897204_0,0,0
abdul-gaffar-khan-marg_586897206_0,0,0
nelson-mandela-marg_586897217_0,0,0
nelson-mandela-marg_586897218_0,0,0
mathura-road_587123752_0,72,3
aurobindo-marg_590522603_0,73,8
nelson-mandela-marg_590609972_0,0,0
nelson-mandela-marg_590609974_0,0,0
nelson-mandela-marg_590609976_0,0,0
nelson-mandela-marg_590609977_0,0,0
abdul-gaffar-khan-marg_590609982_0,0,0
abdul-gaffar-khan-marg_590609983_0,0,0
unnamed_594082008_0,50,2
mehrauli-badarpur-road_594082024_0,100,8
unnamed_594082049_0,79,3
unnamed_594082052_0,86,5
unnamed_601365248_0,80,3
bhagwan-mahavir-marg_601402978_0,0,0
pankha-road_601402979_0,0,0
cariappa-marg_601402987_0,0,0
cariappa-marg_601402987_1,0,0
urban-extension-road-ii_602026183_0,0,0
urban-extension-road-ii_602026185_0,0,0
aurobindo-marg_603648097_0,100,8
outer-ring-road_604129880_0,0,0
nehru-place-flyover_604129881_0,0,0
mehrauli-badarpur-road_604129885_0,100,8
abdul-gaffar-khan-marg_605255385_0,100,8
raj-nagar-flyover_605375051_0,0,0
raj-nagar-flyover_605375052_0,0,0
nityanand-marg_605840543_0,0,0
unnamed_605840544_0,0,0
unnamed_605840544_1,19,3
wazirabad-road_605840549_0,0,0
wazirabad-road_605840550_0,0,0
vikas-marg_605840574_0,0,0
delhi-dehradun-expressway_605840575_0,0,0
delhi-dehradun-expressway_605840581_0,0,0
unnamed_605840584_0,0,0
nityanand-marg_605840585_0,36,3
nityanand-marg_605840586_0,0,0
unnamed_605840587_0,0,0
nityanand-marg_605840588_0,0,0
nityanand-marg_605840589_0,100,8
nityanand-marg_605840590_0,0,0
delhi-dehradun-expressway_605958418_0,0,0
dwarka-flyover_608894515_0,34,1
abdul-gaffar-khan-marg_608989223_0,63,6
abdul-gaffar-khan-marg_608989223_1,0,0
unnamed_608989231_0,72,8
unnamed_608989231_1,100,8
unnamed_610375780_0,0,0
unnamed_610375781_0,0,0
delhi-dehradun-expressway_614020389_0,0,0
delhi-dehradun-expressway_614020390_0,0,0
delhi-dehradun-expressway_614020391_0,0,0
delhi-dehradun-expressway_614020392_0,0,0
ring-road_614071990_0,0,0
ring-road_614071990_1,0,0
sachivalaya-road-flyover_614071991_0,0,0
sachivalaya-road-flyover_614071992_0,78,3
mahatma-gandhi-marg_614071993_0,78,3
sachivalaya-road-flyover_614071994_0,0,0
mehrauli-badarpur-road_614072018_0,0,0
mehrauli-badarpur-road_614072019_0,0,0
delhi-meerut-expressway_614443768_0,0,0
vikas-marg_614443771_0,0,0
delhi-dehradun-expressway_614443772_0,0,0
vikas-marg_614443773_0,0,0
shivaji-marg_615472549_0,0,0
delhi-loni-road-flyover_615472559_0,0,0
delhi-loni-road-flyover_615472563_0,0,0
wazirabad-road_615472564_0,0,0
wazirabad-road_615472566_0,0,0
doctor-kb-hedgewar-marg_615472569_0,0,0
burari-flyover_615472591_0,0,0
doctor-kb-hedgewar-marg_615472595_0,0,0
wazirabad-road_615472611_0,0,0
unnamed_615472617_0,0,0
unnamed_615472617_1,0,0
doctor-kb-hedgewar-marg_615472619_0,100,8
mahatma-gandhi-marg_615472620_0,100,8
unnamed_615472621_0,100,8
doctor-kb-hedgewar-marg_615472622_0,0,0
burari-flyover_615472624_0,0,0
doctor-kb-hedgewar-marg_615472625_0,0,0
unnamed_615472626_0,0,0
unnamed_615472628_0,0,0
doctor-kb-hedgewar-marg_615472631_0,0,0
bhalswa-flyover_615472635_0,0,0
outer-ring-road_615472636_0,0,0
outer-ring-road_615472637_0,28,3
mangolpuri-flyover_615472638_0,0,0
mangolpuri-flyover_615472640_0,0,0
outer-ring-road_615472642_0,0,0
outer-ring-road_615472643_0,0,0
outer-ring-road_615472644_0,0,0
shivaji-marg_615472646_0,0,0
aurobindo-marg_615625449_0,100,8
aurobindo-marg_615625455_0,100,8
aurobindo-marg_615625460_0,13,4
aurobindo-marg_615625462_0,58,8
aurobindo-marg_615625471_0,0,0
aurobindo-marg_615625473_0,10,0
aurobindo-marg_615625474_0,0,0
aurobindo-marg_615625475_0,0,0
raja-garden-flyover_619116045_0,84,8
naraina-flyover_619116046_0,54,4
naraina-flyover_619116047_0,60,7
mahatma-gandhi-marg-bridge_619116048_0,15,0
mahatma-gandhi-marg_619116050_0,100,8
raja-garden-flyover_619116052_0,88,8
moti-nagar-flyover_619116058_0,0,0
raja-garden-flyover_619116072_0,100,8
raja-garden-flyover_619116073_0,100,8
mahatma-gandhi-marg_619116074_0,100,8
mahatma-gandhi-marg_619116075_0,87,8
mahatma-gandhi-marg-bridge_619116076_0,23,0
naraina-flyover_619116077_0,55,1
mehrauli-badarpur-road_619116078_0,92,8
doctor-kb-hedgewar-marg_619372060_0,100,8
doctor-kb-hedgewar-marg_619372062_0,78,5
doctor-kb-hedgewar-marg_619372063_0,93,7
doctor-kb-hedgewar-marg_619372064_0,100,8
doctor-kb-hedgewar-marg_619372065_0,100,7
doctor-kb-hedgewar-marg_619372066_0,100,8
shastri-park-flyover_619372070_0,0,0
shastri-park-flyover_619372072_0,0,0
shastri-park-flyover_619372073_0,0,0
grand-trunk-road_625482866_0,0,0
grand-trunk-road_625482867_0,0,0
grand-trunk-road_625482869_0,0,0
grand-trunk-road_625482869_1,0,0
grand-trunk-road_625482870_0,0,0
grand-trunk-road_625482870_1,0,0
national-highway-24-bypass_627698083_0,0,0
unnamed_627698085_0,0,0
barapullah-road-flyover_631785498_0,0,0
barapullah-road-flyover_631785499_0,0,0
barapullah-road-flyover_631785499_1,0,0
barapullah-road-flyover_631786027_0,0,0
barapullah-road-flyover_631788143_0,0,0
delhi-meerut-expressway_631795142_0,0,0
signature-bridge_642711952_0,0,0
signature-bridge_642711954_0,0,0
aurobindo-marg_654173088_0,0,0
aurobindo-marg_654173088_1,0,0
anuvrat-marg_654173103_0,0,0
anuvrat-marg_654173106_0,0,0
anuvrat-marg_654173106_1,0,0
abdul-gaffar-khan-marg_654173110_0,0,0
abdul-gaffar-khan-marg_654173113_0,0,0
aurobindo-marg_654175709_0,0,0
aurobindo-marg_654175710_0,0,0
mehrauli-badarpur-road_656187260_0,0,0
mehrauli-badarpur-road_656187261_0,0,0
mehrauli-badarpur-road_656187262_0,0,0
mehrauli-badarpur-road_656187263_0,0,0
mehrauli-badarpur-road_656805649_0,0,0
mehrauli-badarpur-road_656805651_0,0,0
mehrauli-badarpur-road_656805652_0,0,0
mehrauli-badarpur-road_656805654_0,0,0
mahatma-gandhi-marg_657413479_0,90,3
unnamed_658041627_0,0,0
mehrauli-badarpur-road_659833209_0,0,0
outer-ring-road_660997597_0,0,0
outer-ring-road_660997600_0,0,0
jangpura-road-flyover_661351480_0,100,2
jangpura-road-flyover_661351482_0,100,6
dwarka-expressway_661394696_0,0,0
mathura-road_662141606_0,0,0
mathura-road_662141606_1,100,4
uer-ii_665096145_0,0,0
uer-ii_665096145_1,0,0
uer-ii_665096147_0,0,0
uer-ii_665096147_1,0,0
unnamed_665096171_0,0,0
unnamed_665096177_0,0,0
unnamed_665096177_1,0,0
unnamed_665096177_2,0,0
unnamed_665096177_3,0,0
urban-extension-road-ii_665104468_0,0,0
urban-extension-road-ii_665104468_1,0,0
urban-extension-road-ii_665104468_2,0,0
urban-extension-road-ii_665104469_0,0,0
urban-extension-road-ii_665104469_1,0,0
dwarka-expressway_665106695_0,0,0
mahatma-gandhi-marg_668313662_0,100,8
ring-road_668313667_0,0,0
moti-nagar-flyover_668313668_0,0,0
shalimar-bagh-flyover_668313670_0,0,0
mahatma-gandhi-road_668313671_0,0,0
rao-tula-ram-flyover_669205555_0,24,2
rao-tula-ram-flyover_669205555_1,0,0
rao-tula-ram-flyover_669205555_2,0,0
okhla-estate-marg-flyover_670037896_0,3,1
mehrauli-badarpur-road_671863511_0,0,0
barapullah-road_672159749_0,0,0
barapullah-road-flyover_672159750_0,0,0
aiims-flyover_676708027_0,0,0
unnamed_676881881_0,0,0
mahatma-gandhi-marg_678152931_0,0,0
nizamuddin-road-flyover_679512996_0,0,0
nizamuddin-road-flyover_679512999_0,0,0
mahatma-gandhi-marg_679552300_0,0,0
mahatma-gandhi-marg_679552303_0,0,0
ring-road_679552310_0,0,0
mahatma-gandhi-marg_679552311_0,0,0
sham-nath-marg_679552312_0,0,0
mahatma-gandhi-marg_679552314_0,100,8
sabz-burj-circle_680551204_0,100,8
sabz-burj-circle_680551205_0,95,8
sabz-burj-circle_680551213_0,93,8
sabz-burj-circle_680551214_0,90,8
sabz-burj-circle_680551215_0,76,8
mehrauli-badarpur-road_681370777_0,0,0
unnamed_681370779_0,0,0
raj-nagar-flyover_682964491_0,0,0
unnamed_682964502_0,0,0
flyover_682964504_0,0,0
nh24-bypass_682964505_0,0,0
flyover_682964507_0,0,0
flyover_682964508_0,0,0
nh24-bypass_682964512_0,0,0
delhi-meerut-expressway_682964514_0,0,0
delhi-meerut-expressway_682964516_0,0,0
nh24-bypass_682971783_0,0,0
delhi-meerut-expressway_682971785_0,0,0
loni-road_683661662_0,0,0
loni-road_683661878_0,0,0
aurobindo-marg_683766465_0,51,5
aurobindo-marg_683766471_0,48,5
abdul-gaffar-khan-marg_683881447_0,0,0
abdul-gaffar-khan-marg_683881447_1,0,0
abdul-gaffar-khan-marg_683881448_0,0,0
loni-road_684354139_0,0,0
loni-road_684354139_1,0,0
mahatma-gandhi-marg_684436613_0,0,0
aurobindo-marg_684436614_0,100,8
mehrauli-gurgaon-road_684436629_0,0,0
mahatma-gandhi-marg_684436632_0,0,0
delhi-meerut-expressway_684512045_0,0,0
loni-road_684712017_0,0,0
loni-road_684712017_1,0,0
unnamed_686514841_0,0,0
unnamed_686514843_0,0,0
unnamed_686514845_0,0,0
nelson-mandela-marg_686515640_0,0,0
nelson-mandela-marg_686515641_0,0,0
nand-nagari-flyover_687049828_0,0,0
nand-nagari-flyover_687049830_0,0,0
wazirabad-road_687049832_0,0,0
wazirabad-road_687050670_0,0,0
flyover_688307594_0,0,0
mehrauli-badarpur-road_688826999_0,0,0
mehrauli-badarpur-road_688827001_0,0,0
mehrauli-badarpur-road_688827002_0,0,0
mall-road_689196356_0,0,0
mall-road_689196357_0,0,0
cariappa-marg_689336446_0,0,0
cariappa-marg_689336446_1,0,0
cariappa-marg_689336450_0,0,0
pankha-road_689336454_0,0,0
unnamed_689336456_0,0,0
unnamed_689434062_0,0,0
unnamed_689434063_0,0,0
unnamed_689434064_0,0,0
mahatma-gandhi-marg_689440610_0,0,0
outer-ring-road_689499494_0,72,8
outer-ring-road_689705963_0,95,7
aurobindo-marg_690251618_0,0,0
mahatma-gandhi-marg_690251619_0,0,0
mathura-road_690251655_0,100,4
mathura-road_690251655_1,0,0
vikas-marg_691886473_0,0,0
vikas-marg_691886474_0,21,2
vikas-marg_691886475_0,78,2
vikas-marg_691886476_0,78,2
swami-dayanand-marg_691975872_0,0,0
akshardham-flyover_694332906_0,0,0
mayur-vihar-phase1-flyover_694332907_0,0,0
dadri-road_694332908_0,0,0
dadri-road_694332938_0,0,0
mayur-vihar-flyover_694332939_0,0,0
akshardham-flyover_694332940_0,0,0
nh24-bypass_694332941_0,0,0
urban-extension-road-ii_694505284_0,0,0
urban-extension-road-ii_694505285_0,0,0
unnamed_694505286_0,0,0
unnamed_694505286_1,0,0
unnamed_694505286_2,0,0
unnamed_694505287_0,0,0
unnamed_694505287_1,0,0
unnamed_694505287_2,0,0
uer-ii_694505288_0,0,0
mayur-vihar-phase1-flyover_696178604_0,0,0
g-t-road_696379375_0,0,0
okhla-estate-marg-flyover_698298777_0,0,0
gt-road_699660182_0,0,0
gt-road_700063432_0,0,0
gt-road_700063433_0,0,0
keshav-chowk_700063435_0,0,0
unnamed_702114799_0,0,0
unnamed_702114800_0,0,0
unnamed_702114800_1,0,0
mathura-road_702121786_0,69,8
mathura-road_702121786_1,97,3
jangpura-road-flyover_704527733_0,100,3
jangpura-road-flyover_704527734_0,100,2
unnamed_705098615_0,0,0
rao-tula-ram-flyover_705412175_0,0,0
rao-tula-ram-flyover_705412176_0,0,0
rao-tula-ram-flyover_705412177_0,0,0
south-extension-flyover_707002818_0,0,0
jangpura-road-flyover_707163415_0,88,8
jangpura-road-flyover_707163416_0,53,8
jangpura-road-flyover_707163417_0,62,8
jangpura-road-flyover_707163418_0,100,8
rani-jhansi-flyover_708804798_0,0,0
rani-jhansi-flyover_708804798_1,0,0
anuvrat-marg_710594427_0,0,0
abdul-gaffar-khan-marg_710645772_0,0,0
abdul-gaffar-khan-marg_710645773_0,0,0
unnamed_710645774_0,0,0
dadri-road_715074746_0,0,0
jangpura-road-flyover_715377036_0,100,7
jangpura-road-flyover_715377037_0,99,7
jangpura-road-flyover_715377038_0,100,8
jangpura-road-flyover_715377039_0,96,6
aurobindo-marg_722082934_0,0,0
vikas-marg_722082941_0,0,0
nh24-bypass_729691537_0,0,0
mathura-road_729701139_0,100,8
nh24-bypass_729897421_0,0,0
flyover_729959837_0,0,0
flyover_729959838_0,0,0
delhi-meerut-expressway_729959849_0,0,0
delhi-meerut-expressway_729959850_0,0,0
mathura-road_730237457_0,100,8
rao-tula-ram-flyover_732015758_0,0,0
unnamed_732888986_0,0,0
unnamed_733740787_0,0,0
flyover_733740794_0,0,0
flyover_733740798_0,0,0
national-highway-24-bypass_733740804_0,0,0
national-highway-24-bypass_733740805_0,0,0
national-highway-24-bypass_733740806_0,0,0
flyover_733740807_0,0,0
flyover_733740808_0,0,0
flyover_733740810_0,0,0
flyover_733740811_0,0,0
national-highway-24-bypass_733740813_0,0,0
unnamed_733740814_0,0,0
vikas-marg_733803584_0,0,0
mahatma-gandhi-marg_733803586_0,78,2
vikas-marg_733803591_0,0,0
vikas-marg_733803592_0,0,0
vikas-marg_733803593_0,0,0
mahatma-gandhi-marg_733804241_0,78,2
national-highway-24-bypass-flyover_739709584_0,94,8
national-highway-24-bypass-flyover_739709585_0,83,8
delhi-meerut-expressway_739709587_0,94,8
national-highway-24-bypass-flyover_739709590_0,100,8
delhi-meerut-expressway_739709591_0,89,8
delhi-meerut-expressway_739709592_0,99,8
national-highway-24-bypass-flyover_739709594_0,100,8
national-highway-24-bypass-flyover_739709596_0,94,8
nh236_742199520_0,10,0
unnamed_742199521_0,10,0
unnamed_742199522_0,10,0
nh236_746580216_0,10,0
akshardham-flyover_747943913_0,0,0
national-highway-24-bypass_747966456_0,0,0
delhi-meerut-expressway_747966458_0,100,8
delhi-meerut-expressway_747966459_0,99,8
national-highway-24-bypass_747966465_0,0,0
unnamed_747974877_0,0,0
new-rohtak-road_749606311_0,0,0
new-rohtak-road_749606311_1,0,0
new-rohtak-road_749606312_0,0,0
mahatma-gandhi-road_749606334_0,0,0
unnamed_750226391_0,0,0
anuvrat-marg_750226392_0,10,0
anuvrat-marg_750226393_0,10,0
anuvrat-marg_750226396_0,10,0
nelson-mandela-marg_753091493_0,0,0
nh44_754138615_0,0,0
mathura-road_754148107_0,0,0
barapullah-road-flyover_754159802_0,0,0
flyover_754372054_0,0,0
flyover_754372056_0,0,0
flyover_754372057_0,0,0
cariappa-marg_754391958_0,0,0
cariappa-marg_754391960_0,0,0
flyover_754391963_0,0,0
cariappa-marg_754391964_0,0,0
rani-jhansi-flyover_754398376_0,0,0
rani-jhansi-flyover_754398377_0,0,0
rani-jhansi-flyover_754398389_0,0,0
rani-jhansi-flyover_754398390_0,0,0
abdul-gaffar-khan-marg_755924313_0,100,8
abdul-gaffar-khan-marg_755924315_0,100,8
nh236_758890825_0,10,0
anuvrat-marg_758890826_0,0,0
abdul-gaffar-khan-marg_758890827_0,0,0
moolchand-underpass_759020452_0,100,8
mehrauli-badarpur-road_759180596_0,99,8
mathura-road_760129853_0,28,4
shivaji-marg_760136435_0,0,0
acharya-shri-tulsi-marg_760444564_0,0,0
acharya-shri-tulsi-marg_760444564_1,0,0
acharya-shri-tulsi-marg_760444564_2,0,0
acharya-shri-tulsi-marg_760444564_3,0,0
acharya-shri-tulsi-marg_760444564_4,24,2
unnamed_760459705_0,68,0
mathura-road_760459706_0,67,0
mahatma-gandhi-marg_760525680_0,100,1
mathura-road_760525681_0,99,1
mathura-road_760525682_0,65,0
outer-ring-road_761403374_0,12,0
outer-ring-road_761403376_0,100,5
unnamed_763514489_0,0,0
unnamed_763514489_1,0,0
unnamed_763514489_2,0,0
unnamed_763514489_3,0,0
mahatma-gandhi-marg_768080142_0,0,0
bikaji-cama-place-flyover_768994502_0,98,8
delhi-dehradun-expressway_776652305_0,0,0
unnamed_776892932_0,0,0
shaheed-captain-vikram-batra-flyover_776892933_0,0,0
wazirabad-flyover_776892934_0,0,0
urban-extension-road-ii_777203118_0,0,0
urban-extension-road-ii_777203118_1,0,0
urban-extension-road-ii_777211329_0,0,0
urban-extension-road-ii_777211331_0,0,0
urban-extension-road-ii_777216013_0,0,0
urban-extension-road-ii_777216014_0,0,0
unnamed_788462808_0,0,0
unnamed_788474479_0,0,0
unnamed_788474480_0,0,0
delhi-meerut-expressway_812684509_0,0,0
nh24-bypass_812994644_0,0,0
nh24-bypass_812994645_0,0,0
gt-road_813416481_0,0,0
unnamed_817213150_0,0,0
gt-road_839654784_0,0,0
delhi-gurugram-expressway_842717609_0,0,0
grand-trunk-road_843178841_0,0,0
grand-trunk-road_843178842_0,0,0
mathura-road_843178843_0,0,0
mathura-road_843178843_1,0,0
delhi-meerut-expressway_843210525_0,0,0
gt-road_848907334_0,0,0
nh9_848907335_0,0,0
loni-road_849446950_0,0,0
barapullah-road-flyover_871032378_0,0,0
barapullah-road-flyover_871032380_0,0,0
barapullah-road-flyover_871032381_0,0,0
doctor-kailash-nath-katju-marg_879145484_0,0,0
doctor-kailash-nath-katju-marg_879145485_0,0,0
doctor-kailash-nath-katju-marg_879145487_0,0,0
doctor-kailash-nath-katju-marg_879145488_0,0,0
doctor-kailash-nath-katju-marg_879145491_0,0,0
dnd-flyway_980796467_0,0,0
dnd-flyway_980796467_1,0,0
dnd-flyway_980796468_0,0,0
dnd-flyway_980796468_1,0,0
badarpur-railway-underpass_980985892_0,84,0
badarpur-railway-underpass_980985893_0,86,0
badarpur-railway-underpass_980985894_0,86,0
badarpur-railway-underpass_980985895_0,85,0
badarpur-railway-underpass_980985896_0,84,0
badarpur-railway-underpass_980985897_0,87,1
grand-trunk-road_981546998_0,0,0
grand-trunk-road_981546999_0,0,0
grand-trunk-road_981547000_0,0,0
nh344m_981547999_0,0,0
nh344m_981548001_0,0,0
nityanand-marg_982296043_0,81,8
nityanand-marg_982296045_0,100,8
nityanand-marg_982296046_0,100,8
nh24-bypass_982712812_0,0,0
akshardham-flyover_982712813_0,0,0
delhi-dehradun-expressway_982712814_0,0,0
delhi-dehradun-expressway_982712815_0,0,0
nh24-bypass_982712834_0,0,0
vikas-marg_983528874_0,0,0
vikas-marg_983528875_0,0,0
vikas-marg_983528876_0,0,0
vikas-marg_983528877_0,0,0
vikas-marg_984685372_0,78,2
mahatma-gandhi-marg_985063952_0,0,0
mahatma-gandhi-marg_985796729_0,0,0
mahatma-gandhi-marg_985796730_0,0,0
rohtak-road_1013996162_0,0,0
outer-ring-road_1013996163_0,0,0
rohtak-road_1013996164_0,0,0
wazirabad-flyover_1013996166_0,0,0
wazirabad-flyover_1013996167_0,0,0
wazirabad-road_1014000623_0,0,0
wazirabad-road_1014000624_0,0,0
abdul-gaffar-khan-marg_1022338691_0,0,0
abdul-gaffar-khan-marg_1022338691_1,100,7
abdul-gaffar-khan-marg_1022338692_0,0,0
abdul-gaffar-khan-marg_1022338692_1,0,0
ring-road_1035763360_0,0,0
outer-ring-road_1035988349_0,0,0
new-rohtak-road_1035988350_0,0,0
mathura-road_1039029101_0,0,0
modi-mill-flyover_1039029102_0,0,0
unnamed_1039246097_0,0,0
rohtak-road_1040095493_0,0,0
unnamed_1040698195_0,0,0
rohtak-road_1043340345_0,0,0
gt-road_1049476142_0,0,0
swami-dayanand-marg_1049616327_0,0,0
swami-dayanand-marg_1049616328_0,0,0
karkari-mor-flyover_1050449339_0,0,0
gt-road_1055024656_0,0,0
gt-road_1055024657_0,0,0
unnamed_1056820212_0,63,5
palam-marg_1056847236_0,18,3
palam-marg_1056847237_0,69,8
delhi-gurugram-expressway_1057236580_0,97,8
doctor-kailash-nath-katju-marg_1058047510_0,0,0
nangloi-road_1060429945_0,0,0
najafgarh-nangloi-road_1060429946_0,0,0
unnamed_1060429947_0,0,0
mahatma-gandhi-marg_1060455282_0,0,0
arihant-marg_1064233715_0,0,0
arihant-marg_1064233716_0,0,0
shastri-park-flyover_1066010058_0,0,0
shastri-park-flyover_1066010059_0,0,0
shastri-park-flyover_1066010060_0,0,0
shastri-park-flyover_1066010061_0,0,0
grand-trunk-road_1067482153_0,0,0
grand-trunk-road_1067482154_0,0,0
grand-trunk-road_1067482155_0,0,0
grand-trunk-road_1067482155_1,0,0
grand-trunk-road_1067482156_0,0,0
unnamed_1070110893_0,0,0
unnamed_1070110894_0,0,0
unnamed_1070110895_0,0,0
urban-extension-road-ii_1070484075_0,0,0
urban-extension-road-ii_1070484076_0,0,0
urban-extension-road-ii_1070484077_0,0,0
urban-extension-road-ii_1070484078_0,0,0
ring-road_1070839796_0,80,5
ring-road_1070839797_0,80,5
outer-ring-road_1071866715_0,0,0
grand-trunk-road_1072647990_0,0,0
grand-trunk-road_1072647991_0,0,0
abdul-gaffar-khan-marg_1074119686_0,0,0
aurobindo-marg_1074717975_0,10,0
unnamed_1075085876_0,0,0
unnamed_1075088436_0,0,0
abdul-gaffar-khan-marg_1075678985_0,0,0
abdul-gaffar-khan-marg_1075678988_0,0,0
bawana-road_1075773904_0,0,0
bawana-road_1075773904_1,0,0
najafgarh-dhansa-road_1076797460_0,0,0
najafgarh-daurala-road_1077879108_0,0,0
najafgarh-daurala-road_1077879108_1,0,0
najafgarh-daurala-road_1077953381_0,0,0
najafgarh-daurala-road_1077953382_0,0,0
najafgarh-daurala-road_1077953383_0,0,0
najafgarh-daurala-road_1077953384_0,0,0
najafgarh-daurala-road_1077953385_0,0,0
najafgarh-daurala-road_1077953386_0,0,0
najafgarh-daurala-road_1077953387_0,0,0
mathura-road_1078707437_0,31,2
mathura-road_1078707438_0,31,2
unnamed_1078952742_0,0,0
unnamed_1078952742_1,0,0
bawana-road_1078952743_0,0,0
auchandi-border-road_1078952744_0,0,0
unnamed_1078952745_0,0,0
unnamed_1078952745_1,0,0
unnamed_1078971490_0,0,0
unnamed_1078971491_0,0,0
unnamed_1078971492_0,0,0
unnamed_1078971493_0,0,0
bawana-road_1079354771_0,0,0
bawana-road_1080012665_0,0,0
bawana-road_1080012666_0,0,0
najafgarh-daurala-road_1080064955_0,0,0
najafgarh-daurala-road_1080064956_0,0,0
najafgarh-daurala-road_1080064957_0,0,0
najafgarh-daurala-road_1080064957_1,0,0
najafgarh-daurala-road_1080064957_2,0,0
najafgarh-daurala-road_1080064957_3,0,0
najafgarh-daurala-road_1080064957_4,0,0
najafgarh-daurala-road_1080064957_5,0,0
najafgarh-daurala-road_1080064957_6,0,0
najafgarh-daurala-road_1080064957_7,0,0
najafgarh-daurala-road_1080064957_8,0,0
najafgarh-daurala-road_1080064957_9,0,0
bawana-road_1080170223_0,0,0
auchandi-road_1080170224_0,0,0
bawana-road_1080501681_0,0,0
bawana-road_1080501681_1,0,0
bawana-road_1080501682_0,0,0
bawana-road_1080501683_0,0,0
bawana-road_1080501683_1,0,0
bawana-road_1080501684_0,0,0
bawana-road_1080501684_1,0,0
bawana-road_1080501685_0,0,0
bawana-road_1081068105_0,0,0
delhi-road_1081069798_0,0,0
auchandi-road_1081069799_0,0,0
delhi-road_1081069800_0,0,0
delhi-road_1081069801_0,0,0
unnamed_1081080403_0,0,0
unnamed_1081080404_0,0,0
unnamed_1081080405_0,0,0
unnamed_1081080406_0,0,0
sh18_1081080407_0,0,0
sh18_1081080408_0,0,0
auchandi-border-road_1081097269_0,0,0
unnamed_1081097270_0,0,0
unnamed_1081097271_0,0,0
unnamed_1081097272_0,0,0
bawana-road_1081097273_0,0,0
sh18_1081665576_0,0,0
aurobindo-marg_1088110482_0,0,0
outer-ring-road-underpass_1089361797_0,0,0
outer-ring-road_1089361798_0,0,0
outer-ring-road_1089361801_0,0,0
outer-ring-road_1089361802_0,0,0
outer-ring-road_1089361803_0,0,0
mathura-road_1090402162_0,78,8
rohtak-road_1092780822_0,0,0
mahatma-gandhi-marg_1098520258_0,0,0
vikas-marg_1102492740_0,0,0
abdul-gaffar-khan-marg_1103055061_0,0,0
abdul-gaffar-khan-marg_1103055062_0,0,0
outer-ring-road_1103164483_0,0,0
delhi-dehradun-expressway_1107023884_0,0,0
delhi-dehradun-expressway_1107023884_1,0,0
delhi-dehradun-expressway_1107023884_2,0,0
unnamed_1108463529_0,0,0
unnamed_1108463530_0,0,0
outer-ring-road_1108471045_0,0,0
outer-ring-road_1108471047_0,0,0
outer-ring-road_1108471048_0,0,0
outer-ring-road_1108471050_0,0,0
unnamed_1108471051_0,0,0
outer-ring-road_1108471053_0,0,0
outer-ring-road_1108471055_0,0,0
unnamed_1108471057_0,0,0
aurobindo-marg_1109186873_0,85,8
unnamed_1109187905_0,0,0
unnamed_1115912306_0,0,0
unnamed_1115912308_0,0,0
mehrauli-badarpur-road_1115923369_0,100,8
urban-extension-road-ii_1116285354_0,83,8
urban-extension-road-ii_1116285355_0,100,8
urban-extension-road-ii_1116296122_0,0,0
urban-extension-road-ii_1116296122_1,0,0
urban-extension-road-ii_1116296123_0,0,0
urban-extension-road-ii_1116296124_0,0,0
urban-extension-road-ii_1116296124_1,0,0
urban-extension-road-ii_1116296125_0,0,0
urban-extension-road-ii_1116296127_0,0,0
urban-extension-road-ii_1116296128_0,0,0
urban-extension-road-ii_1116296129_0,0,0
urban-extension-road-ii_1116296130_0,0,0
urban-extension-road-ii_1116314392_0,0,0
urban-extension-road-ii_1116314393_0,0,0
unnamed_1116321334_0,0,0
unnamed_1116321334_1,81,8
dwarka-expressway_1116323022_0,0,0
unnamed_1116323023_0,0,0
dwarka-expressway_1116324313_0,0,0
dwarka-expressway_1116324313_1,0,0
dwarka-expressway_1116324313_2,100,8
dwarka-expressway_1116324313_3,89,8
dwarka-expressway_1116324313_4,91,8
dwarka-expressway_1116324313_5,95,8
dwarka-expressway_1116324313_6,87,8
dwarka-expressway_1116324313_7,82,8
dwarka-expressway_1116324313_8,100,8
dwarka-expressway_1116324314_0,96,8
dwarka-expressway_1116324314_1,100,8
dwarka-expressway_1116324314_2,100,8
dwarka-expressway_1116324314_3,97,8
dwarka-expressway_1116324314_4,100,8
dwarka-expressway_1116324314_5,99,8
dwarka-expressway_1116324314_6,0,0
dwarka-expressway_1116324314_7,0,0
urban-extension-road-ii_1116331827_0,0,0
urban-extension-road-ii_1116331828_0,0,0
urban-extension-road-ii_1116331829_0,0,0
urban-extension-road-ii_1116331830_0,0,0
urban-extension-road-ii_1116331831_0,0,0
urban-extension-road-ii_1116331831_1,0,0
urban-extension-road-ii_1116331832_0,0,0
urban-extension-road-ii_1118476439_0,0,0
urban-extension-road-ii_1118476443_0,100,8
nh344m_1118607541_0,0,0
nh344m_1118607542_0,0,0
unnamed_1118629647_0,0,0
unnamed_1118629648_0,0,0
unnamed_1118629649_0,0,0
unnamed_1118635865_0,0,0
unnamed_1118635866_0,0,0
unnamed_1118659679_0,0,0
urban-extension-road-ii_1118684653_0,0,0
urban-extension-road-ii_1118684654_0,0,0
dwarka-expressway_1118691951_0,83,8
urban-extension-road-ii_1118696675_0,0,0
urban-extension-road-ii_1118696959_0,0,0
urban-extension-road-ii_1118696959_1,0,0
unnamed_1118711478_0,0,0
unnamed_1118711479_0,0,0
unnamed_1118711479_1,0,0
unnamed_1118711479_2,0,0
unnamed_1118711480_0,0,0
unnamed_1118711480_1,0,0
unnamed_1118711480_2,0,0
unnamed_1118711485_0,0,0
unnamed_1118711486_0,0,0
urban-extension-road-ii_1118729613_0,0,0
urban-extension-road-ii_1118729614_0,0,0
urban-extension-road-ii_1118729615_0,0,0
urban-extension-road-ii_1118729616_0,0,0
urban-extension-road-ii_1118729617_0,0,0
urban-extension-road-ii_1118729618_0,0,0
urban-extension-road-ii_1118729620_0,0,0
urban-extension-road-ii_1118729622_0,0,0
urban-extension-road-ii_1118729623_0,0,0
urban-extension-road-ii_1118729626_0,0,0
urban-extension-road-ii_1118729627_0,0,0
urban-extension-road-ii_1118736284_0,0,0
urban-extension-road-ii_1118736285_0,0,0
urban-extension-road-ii_1118736287_0,0,0
urban-extension-road-ii_1118736287_1,0,0
urban-extension-road-ii_1118736288_0,0,0
urban-extension-road-ii_1118736288_1,0,0
urban-extension-road-ii_1118738462_0,0,0
urban-extension-road-ii_1118738463_0,0,0
dwarka-expressway_1118834166_0,100,8
bharthal-railway-underpass_1118834168_0,88,8
bharthal-railway-underpass_1118834169_0,97,8
urban-extension-road-ii_1118909931_0,0,0
urban-extension-road-ii_1118909932_0,0,0
urban-extension-road-ii_1118959400_0,56,8
urban-extension-road-ii_1118959401_0,70,8
urban-extension-road-ii_1118959402_0,98,8
urban-extension-road-ii_1118959403_0,97,8
dwarka-expressway_1118959406_0,91,8
dwarka-expressway_1118978390_0,44,4
unnamed_1118978392_0,0,0
unnamed_1118986180_0,0,0
unnamed_1118986182_0,0,0
bharthal-railway-underpass_1119296371_0,81,8
bharthal-railway-underpass_1119296372_0,91,8
bharthal-railway-underpass_1119296373_0,100,8
bharthal-railway-underpass_1119296374_0,100,8
unnamed_1123531345_0,0,0
grand-trunk-road_1125550297_0,0,0
grand-trunk-road_1125550298_0,0,0
grand-trunk-road_1125550299_0,0,0
grand-trunk-road_1125550299_1,0,0
grand-trunk-road_1125550300_0,0,0
nh344m_1125578860_0,0,0
nh344m_1125578861_0,0,0
unnamed_1125820030_0,0,0
mathura-road_1125820041_0,46,3
mathura-road_1125820042_0,48,1
unnamed_1126929458_0,0,0
unnamed_1126929459_0,0,0
outer-ring-road_1127423677_0,0,0
new-rohtak-road_1127702172_0,0,0
wazirabad-road_1130871949_0,0,0
unnamed_1131995935_0,100,8
unnamed_1131995937_0,100,8
arihant-marg_1132394876_0,0,0
arihant-marg_1132394877_0,0,0
outer-ring-road_1136369667_0,0,0
unnamed_1153197687_0,98,0
chirag-delhi-flyover_1156936619_0,15,2
ho-chi-minh-marg_1156936620_0,15,1
ho-chi-minh-marg_1156936621_0,15,0
ho-chi-minh-marg_1156936622_0,15,0
shri-hans-maharaj-flyover_1159133952_0,0,0
mahatma-gandhi-marg_1161756195_0,0,0
bawana-road_1162609076_0,0,0
unnamed_1162641618_0,0,0
najafgarh-dhansa-road_1162641619_0,0,0
najafgarh-dhansa-road_1162641620_0,0,0
mahatma-gandhi-marg_1162942765_0,0,0
mahatma-gandhi-marg_1162978514_0,0,0
unnamed_1163972711_0,100,8
mathura-road_1164727874_0,0,0
najafgarh-nangloi-road_1171106076_0,0,0
mahatma-gandhi-marg_1174693135_0,0,0
unnamed_1181021083_0,0,0
unnamed_1181021086_0,0,0
outer-ring-road_1181388031_0,0,0
outer-ring-road_1181388032_0,0,0
delhi-gurugram-expressway_1183491326_0,100,8
unnamed_1183847099_0,0,0
grand-trunk-road_1183847106_0,0,0
grand-trunk-road_1183847107_0,0,0
grand-trunk-road_1183847108_0,0,0
grand-trunk-road_1183847110_0,0,0
unnamed_1184651603_0,91,0
mathura-road_1184652573_0,71,0
mathura-road_1184652574_0,84,0
unnamed_1184652575_0,85,0
unnamed_1184652576_0,87,0
mathura-road_1184653690_0,93,0
mathura-road_1184653691_0,82,0
mathura-road_1184655602_0,98,0
mathura-road_1184655603_0,96,0
mathura-road_1184655605_0,96,0
mathura-road_1184655606_0,88,0
mehrauli-badarpur-road_1184656816_0,87,0
nelson-mandela-marg_1185485849_0,5,0
mahatma-gandhi-marg_1186104929_0,0,0
new-rohtak-road_1190970208_0,0,0
vikas-marg_1191342262_0,0,0
outer-ring-road_1193899612_0,0,0
outer-ring-road_1193899613_0,0,0
unnamed_1194649202_0,0,0
unnamed_1194649204_0,0,0
arihant-marg_1194649205_0,0,0
gt-road_1198418680_0,0,0
grand-trunk-road_1199392723_0,0,0
loni-road_1201242406_0,0,0
loni-road_1201242406_1,0,0
loni-road_1201242406_2,0,0
loni-road_1201242406_3,0,0
mahipalpur-flyover_1201412916_0,97,8
delhi-gurugram-expressway_1203516200_0,100,8
delhi-gurugram-expressway_1203516201_0,100,8
delhi-gurugram-expressway_1203516202_0,100,8
delhi-gurugram-expressway_1203516203_0,99,7
doctor-kailash-nath-katju-marg_1203630503_0,0,0
doctor-kailash-nath-katju-marg_1203630503_1,0,0
unnamed_1204848620_0,0,0
unnamed_1204848622_0,0,0
loni-road_1205430081_0,0,0
unnamed_1210905825_0,0,0
unnamed_1218184601_0,0,0
club-road-flyover_1218184602_0,0,0
dnd-kmp-expressway_1218420942_0,0,0
dnd-kmp-expressway_1218420942_1,0,0
mathura-road_1224002859_0,39,0
mathura-road_1224002860_0,48,0
unnamed_1224760274_0,0,0
najafgarh-dhansa-road_1224760275_0,0,0
vikas-marg_1233743468_0,0,0
rohtak-road_1236250283_0,0,0
rohtak-road_1236250283_1,0,0
rohtak-road_1236250283_2,0,0
doctor-kb-hedgewar-marg_1243662600_0,100,8
doctor-kailash-nath-katju-marg_1244086262_0,0,0
grand-trunk-road_1244884282_0,0,0
grand-trunk-road_1244884283_0,0,0
urban-extension-road-ii_1247513634_0,0,0
urban-extension-road-ii_1247513635_0,0,0
ashram-underpass_1252762958_0,90,1
ashram-underpass_1252762959_0,100,1
ashram-underpass_1252762960_0,100,0
ashram-underpass_1252762961_0,100,1
ashram-underpass_1252762962_0,92,1
ashram-underpass_1252762963_0,100,0
ashram-underpass_1252762964_0,100,1
ashram-underpass_1252762965_0,100,0
ashram-underpass_1252762966_0,100,0
ashram-underpass_1252762967_0,100,0
ashram-flyover_1252913581_0,34,0
ashram-flyover_1252913582_0,100,0
delhi-noida-direct-flyway_1253124561_0,0,0
delhi-noida-direct-flyway_1253124562_0,0,0
jangpura-road-flyover_1253189591_0,100,5
jangpura-road-flyover_1253189592_0,78,8
jangpura-road-flyover_1253189593_0,99,8
jangpura-road-flyover_1253189594_0,100,4
unnamed_1253908162_0,0,0
delhi-dehradun-expressway_1253908163_0,0,0
delhi-dehradun-expressway_1253908163_1,0,0
delhi-dehradun-expressway_1253908163_2,0,0
delhi-dehradun-expressway_1253908163_3,0,0
delhi-dehradun-expressway_1253908163_4,0,0
delhi-dehradun-expressway_1253908164_0,0,0
najafgarh-nangloi-road_1255155771_0,0,0
najafgarh-nangloi-road_1255155771_1,0,0
najafgarh-nangloi-road_1255155771_2,0,0
najafgarh-nangloi-road_1255155772_0,0,0
nangloi-road_1255155773_0,0,0
nangloi-road_1255155773_1,0,0
nangloi-road_1255155773_2,0,0
nangloi-road_1255155774_0,0,0
delhi-dehradun-expressway_1265049693_0,0,0
najafgarh-dhansa-road_1266675381_0,0,0
najafgarh-dhansa-road_1266675381_1,0,0
najafgarh-dhansa-road_1266675381_2,0,0
dwarka-expressway_1268836497_0,100,8
dwarka-expressway_1268836498_0,93,8
grand-trunk-road_1268930377_0,0,0
grand-trunk-road_1268930378_0,0,0
grand-trunk-road_1268930379_0,0,0
grand-trunk-road_1268930380_0,0,0
grand-trunk-road_1271411347_0,0,0
grand-trunk-road_1271411348_0,0,0
grand-trunk-road_1271411349_0,0,0
grand-trunk-road_1271411350_0,0,0
grand-trunk-road_1271957903_0,0,0
grand-trunk-road_1271957904_0,0,0
grand-trunk-road_1271957905_0,0,0
grand-trunk-road_1271957906_0,0,0
azadpur-flyover_1271970954_0,0,0
grand-trunk-road_1272663265_0,0,0
grand-trunk-road_1272663266_0,0,0
grand-trunk-road_1272663267_0,0,0
grand-trunk-road_1272663268_0,0,0
grand-trunk-road_1272664353_0,0,0
grand-trunk-road_1272664354_0,0,0
rani-jhansi-flyover_1272695735_0,0,0
rani-jhansi-flyover_1272695736_0,0,0
shaheed-captain-vikram-batra-flyover_1272699860_0,0,0
shaheed-captain-vikram-batra-flyover_1272699861_0,0,0
outer-ring-road_1272699863_0,0,0
shaheed-captain-vikram-batra-flyover_1272699864_0,0,0
dwarka-flyover_1272726054_0,45,8
dwarka-flyover_1272726055_0,62,8
burari-flyover_1272735116_0,0,0
burari-flyover_1272735117_0,0,0
burari-flyover_1272735118_0,0,0
burari-flyover_1272735119_0,0,0
wazirabad-flyover_1272738154_0,0,0
wazirabad-flyover_1272738155_0,0,0
bahadurgarh-bypass_1272740481_0,0,0
bahadurgarh-bypass_1272740482_0,0,0
flyover_1272998246_0,0,0
delhi-meerut-expressway_1272998247_0,0,0
delhi-meerut-expressway_1272998248_0,0,0
flyover_1272998249_0,0,0
flyover_1272998250_0,0,0
delhi-meerut-expressway_1272998251_0,0,0
flyover_1272998252_0,0,0
delhi-dehradun-expressway_1273003606_0,0,0
delhi-dehradun-expressway_1273003607_0,0,0
delhi-dehradun-expressway_1273003608_0,0,0
delhi-dehradun-expressway_1273003609_0,0,0
grand-trunk-road_1274032653_0,0,0
grand-trunk-road_1274032654_0,0,0
grand-trunk-road_1274032655_0,0,0
grand-trunk-road_1274032656_0,0,0
wazirabad-road_1274034374_0,0,0
wazirabad-road_1274034375_0,0,0
wazirabad-road_1274035951_0,0,0
wazirabad-road_1274035952_0,0,0
grand-trunk-road_1274043084_0,0,0
grand-trunk-road_1274043085_0,0,0
grand-trunk-road_1274043086_0,0,0
grand-trunk-road_1274043086_1,0,0
grand-trunk-road_1274043087_0,0,0
unnamed_1274055800_0,0,0
unnamed_1274056143_0,0,0
unnamed_1274056144_0,0,0
doctor-kailash-nath-katju-marg_1274613355_0,0,0
doctor-kailash-nath-katju-marg_1274613356_0,0,0
mahatma-gandhi-marg_1274772411_0,0,0
wazirabad-road_1274778109_0,0,0
wazirabad-road_1274778110_0,0,0
wazirabad-road_1274778111_0,0,0
wazirabad-road_1274778112_0,0,0
loni-road_1274789152_0,0,0
unnamed_1274790488_0,0,0
najafgarh-daurala-road_1274790489_0,0,0
najafgarh-daurala-road_1274790491_0,0,0
shahdara-flyover_1274791157_0,0,0
shahdara-flyover_1274791158_0,0,0
shahdara-flyover_1274791159_0,0,0
shahdara-flyover_1274791160_0,0,0
arihant-marg_1274821493_0,0,0
arihant-marg_1274821494_0,0,0
delhi-loni-road-flyover_1274823144_0,0,0
delhi-loni-road-flyover_1274823145_0,0,0
loni-road_1274832216_0,0,0
road-number-57_1274875340_0,0,0
road-number-57_1274875342_0,0,0
swami-dayanand-marg_1274878167_0,0,0
swami-dayanand-marg_1275172294_0,0,0
delhi-dehradun-expressway_1275175341_0,0,0
delhi-dehradun-expressway_1275175608_0,0,0
unnamed_1275223135_0,77,8
unnamed_1275223136_0,100,8
unnamed_1275474488_0,0,0
urban-extension-road-ii_1275520486_0,0,0
unnamed_1275541084_0,97,8
urban-extension-road-ii_1275944971_0,0,0
urban-extension-road-ii_1275944972_0,0,0
urban-extension-road-ii_1275944973_0,0,0
urban-extension-road-ii_1275944974_0,0,0
urban-extension-road-ii_1275944976_0,0,0
urban-extension-road-ii_1275944977_0,0,0
urban-extension-road-ii_1275944978_0,0,0
urban-extension-road-ii_1275944979_0,0,0
urban-extension-road-ii_1275944986_0,0,0
urban-extension-road-ii_1275944987_0,0,0
unnamed_1275955304_0,0,0
unnamed_1275955306_0,0,0
dwarka-expressway_1276018672_0,84,6
unnamed_1276018673_0,76,3
unnamed_1276018675_0,0,0
unnamed_1276018676_0,0,0
unnamed_1276018678_0,0,0
unnamed_1276018679_0,0,0
unnamed_1276018684_0,0,0
shivaji-marg_1279062158_0,0,0
shivaji-marg_1279062160_0,0,0
acharya-shri-tulsi-marg_1280801689_0,0,0
delhi-meerut-expressway_1283496575_0,0,0
delhi-meerut-expressway_1283496576_0,0,0
delhi-meerut-expressway_1283496577_0,0,0
delhi-meerut-expressway_1283496578_0,0,0
delhi-meerut-expressway_1283496583_0,0,0
delhi-meerut-expressway_1283496584_0,0,0
delhi-meerut-expressway_1283496585_0,0,0
delhi-meerut-expressway_1283496586_0,0,0
flyover_1283521604_0,0,0
flyover_1283521605_0,0,0
delhi-meerut-expressway_1283521606_0,0,0
delhi-meerut-expressway_1283521607_0,0,0
delhi-meerut-expressway_1283521608_0,0,0
delhi-meerut-expressway_1283521609_0,0,0
delhi-meerut-expressway_1283524751_0,0,0
delhi-meerut-expressway_1283524752_0,0,0
delhi-meerut-expressway_1283524753_0,0,0
delhi-meerut-expressway_1283524754_0,0,0
delhi-meerut-expressway_1283524755_0,0,0
nh248bb_1283639343_0,24,5
nh248bb_1283639343_1,100,8
nh248bb_1283639344_0,0,0
nh248bb_1283639345_0,16,4
naraina-flyover_1285853439_0,25,0
naraina-flyover_1285853440_0,25,0
mahatma-gandhi-marg_1285857335_0,99,8
mahatma-gandhi-marg_1285857337_0,85,8
mahatma-gandhi-marg_1285857338_0,64,8
mahatma-gandhi-marg_1285857339_0,91,8
urban-extension-road-ii_1286326480_0,0,0
dadri-road_1287333067_0,0,0
shivaji-marg_1288042210_0,0,0
dwarka-expressway_1288469171_0,85,7
dwarka-expressway_1288469172_0,83,5
dwarka-expressway_1288469173_0,95,5
dwarka-expressway_1288469174_0,85,3
dwarka-expressway_1288469175_0,96,4
urban-extension-road-ii_1288469182_0,100,7
grand-trunk-road_1296341842_0,0,0
nizamuddin-railway-station-flyover_1297654553_0,0,0
nizamuddin-railway-station-flyover_1297654554_0,0,0
nizamuddin-railway-station-flyover_1297654555_0,0,0
nh344p_1298054174_0,0,0
nh344p_1298054174_1,0,0
nh344p_1298054174_2,0,0
nh344p_1298054175_0,0,0
nh344p_1298054176_0,0,0
nh344p_1298054176_1,0,0
nh344p_1298054176_2,0,0
nh344p_1298054177_0,0,0
nh344p_1298054178_0,0,0
nh344p_1298054179_0,0,0
nh344p_1298054180_0,0,0
nh344p_1298054181_0,0,0
nh344p_1298054182_0,0,0
nh344p_1298054184_0,0,0
nh344p_1298054186_0,0,0
nh344p_1298054187_0,0,0
nh344p_1298054188_0,0,0
nh344p_1298054189_0,0,0
nh344p_1298056350_0,0,0
nh344p_1298056351_0,0,0
nh344p_1298056352_0,0,0
nh344p_1298056353_0,0,0
unnamed_1298974606_0,0,0
unnamed_1306079032_0,0,0
unnamed_1306079033_0,0,0
unnamed_1306079034_0,0,0
dwarka-expressway_1309546294_0,90,8
gt-road_1310466272_0,67,4
grand-trunk-road_1311977376_0,0,0
mayur-vihar-flyover_1311984903_0,0,0
mayur-vihar-flyover_1311984904_0,0,0
dadri-road_1311986233_0,0,0
akshardham-flyover_1311987470_0,0,0
akshardham-flyover_1311987471_0,0,0
akshardham-flyover_1311987472_0,0,0
delhi-loni-road-flyover_1311994917_0,0,0
delhi-loni-road-flyover_1311994918_0,0,0
nand-nagari-flyover_1311996406_0,0,0
nand-nagari-flyover_1311996407_0,0,0
nand-nagari-flyover_1311996408_0,0,0
burari-flyover_1311999549_0,0,0
burari-flyover_1311999550_0,0,0
shahdara-flyover_1312001709_0,0,0
shahdara-flyover_1312001710_0,0,0
shahdara-flyover_1312001711_0,0,0
shahdara-flyover_1312001712_0,0,0
shahdara-flyover_1312001713_0,0,0
shahdara-flyover_1312001714_0,0,0
shahdara-flyover_1312001715_0,0,0
shahdara-flyover_1312001716_0,0,0
shahdara-flyover_1312001717_0,0,0
doctor-kb-hedgewar-marg_1312003261_0,0,0
doctor-kb-hedgewar-marg_1312003262_0,0,0
doctor-kb-hedgewar-marg_1312003263_0,0,0
doctor-kb-hedgewar-marg_1312003264_0,0,0
doctor-kb-hedgewar-marg_1312003265_0,0,0
doctor-kb-hedgewar-marg_1312003266_0,0,0
mahatma-gandhi-marg_1312009498_0,62,8
raja-garden-flyover_1312009499_0,72,8
bhalswa-flyover_1312010662_0,0,0
bhalswa-flyover_1312010663_0,0,0
bhalswa-flyover_1312010664_0,0,0
bhalswa-flyover_1312010665_0,0,0
bhalswa-flyover_1312010666_0,0,0
bhalswa-flyover_1312010667_0,0,0
shaheed-captain-vikram-batra-flyover_1312019470_0,0,0
shaheed-captain-vikram-batra-flyover_1312019471_0,0,0
rao-tula-ram-flyover_1312159374_0,0,0
rao-tula-ram-flyover_1312159375_0,0,0
rao-tula-ram-flyover_1312159376_0,0,0
munirka-flyover_1312162611_0,24,1
munirka-flyover_1312162612_0,24,1
munirka-flyover_1312162613_0,12,1
munirka-flyover_1312162614_0,0,0
iit-flyover_1312165813_0,95,8
iit-flyover_1312165814_0,100,8
iit-flyover_1312165815_0,93,8
iit-flyover_1312165816_0,92,8
iit-flyover_1312168631_0,72,6
iit-flyover_1312168632_0,56,3
iit-flyover_1312168633_0,86,7
savitri-flyover_1312193813_0,0,0
nehru-place-flyover_1312196604_0,8,0
nehru-place-flyover_1312196605_0,5,0
grand-trunk-road_1312217828_0,0,0
grand-trunk-road_1312217829_0,0,0
moti-bagh-flyover_1312224221_0,0,0
bikaji-cama-place-flyover_1312228805_0,94,8
bikaji-cama-place-flyover_1312228806_0,97,8
doctor-kb-hedgewar-marg_1312751834_0,0,0
rani-jhansi-flyover_1312778058_0,0,0
zakhira-flyover_1312789634_0,0,0
zakhira-flyover_1312789635_0,0,0
dabri-dwarka-road_1312797281_0,0,0
pankha-road_1312798277_0,0,0
pankha-road_1312798278_0,0,0
pankha-road_1312798279_0,0,0
pankha-road_1312798280_0,0,0
cariappa-marg_1312801229_0,0,0
cariappa-marg_1312801230_0,0,0
jangpura-road-flyover_1312806545_0,100,0
jangpura-road-flyover_1312806546_0,100,0
jangpura-road-flyover_1312806547_0,100,5
jangpura-road-flyover_1312806548_0,100,0
jangpura-road-flyover_1312807952_0,100,0
nangloi-flyover_1312960083_0,0,0
nangloi-flyover_1312960084_0,0,0
nangloi-flyover_1312960085_0,0,0
nangloi-flyover_1312960086_0,0,0
mangolpuri-flyover_1312961865_0,0,0
mangolpuri-flyover_1312961866_0,0,0
outer-ring-road_1312961867_0,0,0
mangolpuri-flyover_1312961868_0,0,0
mangolpuri-flyover_1312961869_0,0,0
mangolpuri-flyover_1312961870_0,0,0
mangolpuri-flyover_1312961871_0,0,0
mangolpuri-flyover_1312962759_0,0,0
mangolpuri-flyover_1312962760_0,0,0
mangolpuri-flyover_1312962761_0,0,0
mahatma-gandhi-marg_1312963613_0,0,0
club-road-flyover_1312963615_0,0,0
club-road-flyover_1312963616_0,0,0
unnamed_1312963617_0,0,0
mahatma-gandhi-marg_1312965347_0,0,0
shri-hans-maharaj-flyover_1312965348_0,0,0
shri-hans-maharaj-flyover_1312965349_0,0,0
mahatma-gandhi-road_1312965350_0,0,0
mahatma-gandhi-road_1312965351_0,0,0
shri-hans-maharaj-flyover_1312965352_0,0,0
shri-hans-maharaj-flyover_1312965353_0,0,0
moti-nagar-flyover_1312965354_0,0,0
moti-nagar-flyover_1312965355_0,0,0
mahipalpur-flyover_1312967329_0,93,8
mahipalpur-flyover_1312967331_0,99,8
mahipalpur-flyover_1312967332_0,100,8
mahipalpur-flyover_1312967333_0,100,8
ch-brahm-prakash-flyover_1312967344_0,0,0
ch-brahm-prakash-flyover_1312967345_0,0,0
ch-brahm-prakash-flyover_1312967346_0,0,0
ch-brahm-prakash-flyover_1312967347_0,0,0
prembari-underpass_1312976993_0,0,0
mahatma-gandhi-road_1312976994_0,0,0
mahatma-gandhi-road_1312979606_0,0,0
mahatma-gandhi-road_1312979607_0,0,0
mahatma-gandhi-road_1312979608_0,0,0
shalimar-bagh-flyover_1312979609_0,0,0
azadpur-flyover_1312979610_0,0,0
dwarka-flyover_1312985841_0,0,0
dwarka-flyover_1312985842_0,0,0
dwarka-flyover_1312985843_0,0,0
dwarka-flyover_1312985844_0,0,0
pankha-road-flyover_1312986718_0,0,0
pankha-road-flyover_1312986719_0,0,0
flyover_1312987915_0,0,0
flyover_1312995763_0,0,0
flyover_1312995764_0,0,0
flyover_1312995765_0,0,0
flyover_1312995766_0,0,0
flyover_1312995767_0,0,0
flyover_1312995768_0,0,0
national-highway-24-bypass_1312995769_0,0,0
flyover_1312995770_0,0,0
flyover_1312995771_0,0,0
flyover_1312995772_0,0,0
karkari-mor-flyover_1313002299_0,0,0
swami-dayanand-marg_1313004537_0,0,0
swami-dayanand-marg_1313004538_0,0,0
shastri-park-flyover_1313008743_0,0,0
shastri-park-flyover_1313008744_0,0,0
shastri-park-flyover_1313008745_0,0,0
shastri-park-flyover_1313008746_0,0,0
okhla-estate-marg-flyover_1313011684_0,0,0
okhla-estate-marg-flyover_1313011685_0,4,1
okhla-estate-marg-flyover_1313011686_0,9,1
mathura-road_1313016353_0,27,0
mathura-road_1313016354_0,24,0
lajpat-nagar-flyover_1313027075_0,86,8
lajpat-nagar-flyover_1313027076_0,61,0
ashram-railway-flyover_1313030094_0,89,0
mahatma-gandhi-marg_1313030095_0,72,0
hanuman-mandir-flyover_1313200454_0,100,8
hanuman-mandir-flyover_1313200455_0,85,8
ring-road_1313200457_0,100,8
hanuman-mandir-flyover_1313200461_0,100,7
outer-ring-road_1313220166_0,83,5
modi-mill-flyover_1313220167_0,65,3
modi-mill-flyover_1313220169_0,68,2
barapullah-road-flyover_1313239604_0,0,0
delhi-dehradun-expressway_1313244704_0,0,0
delhi-dehradun-expressway_1313244705_0,0,0
flyover_1313444176_0,0,0
flyover_1313444177_0,0,0
flyover_1313444178_0,0,0
flyover_1313444179_0,0,0
ito-flyover_1313447924_0,78,2
ito-flyover_1313447925_0,78,2
ito-flyover_1313447927_0,78,2
ito-flyover_1313447929_0,78,2
ito-flyover_1313447930_0,78,2
sachivalaya-road-flyover_1313450495_0,0,0
sachivalaya-road-flyover_1313450497_0,78,2
ring-road_1313450498_0,0,0
sachivalaya-road-flyover_1313450499_0,0,0
nizamuddin-railway-station-flyover_1313455080_0,0,0
nizamuddin-railway-station-flyover_1313455081_0,0,0
nizamuddin-road-flyover_1313465446_0,0,0
aiims-flyover_1313474874_0,0,0
azadpur-flyover_1313664396_0,0,0
azadpur-flyover_1313664397_0,0,0
mahatma-gandhi-road_1313664398_0,0,0
national-highway-24-bypass_1314351466_0,23,3
national-highway-24-bypass-flyover_1314351467_0,47,7
national-highway-24-bypass_1314555664_0,0,0
national-highway-24-bypass-flyover_1314555665_0,0,0
dnd-kmp-expressway_1320128440_0,0,0
unnamed_1321789351_0,100,8
dwarka-expressway_1321798283_0,89,2
bharthal-railway-underpass_1323821132_0,91,8
bharthal-railway-underpass_1323821133_0,87,7
bharthal-railway-underpass_1323821134_0,78,4
bharthal-railway-underpass_1323821135_0,74,5
yakshini-chowk-underpass_1323824517_0,2,0
yakshini-chowk-underpass_1323825051_0,0,0
dwarka-palam-road_1323825053_0,0,0
yakshini-chowk-underpass_1323825055_0,0,0
badarpur-railway-underpass_1323825546_0,86,0
mehrauli-badarpur-road_1323825547_0,86,0
bhera-enclave-underpass_1324030078_0,0,0
bhera-enclave-underpass_1324030079_0,0,0
bhera-enclave-underpass_1324030080_0,0,0
bhera-enclave-underpass_1324030081_0,0,0
panjabi-bagh-underpass_1324031031_0,0,0
panjabi-bagh-underpass_1324031032_0,0,0
mahatma-gandhi-road_1324032742_0,0,0
prembari-underpass_1324032743_0,0,0
prembari-underpass_1324032744_0,0,0
outer-ring-road-underpass_1324033141_0,0,0
outer-ring-road-underpass_1324033142_0,0,0
outer-ring-road-underpass_1324033143_0,0,0
outer-ring-road_1324033144_0,0,0
mahatma-gandhi-marg_1324343885_0,100,6
mahatma-gandhi-marg_1324343886_0,100,8
unnamed_1324615022_0,71,3
unnamed_1327597544_0,0,0
unnamed_1334964175_0,0,0
unnamed_1334964176_0,0,0
unnamed_1334964177_0,0,0
unnamed_1334964178_0,0,0
unnamed_1334964179_0,0,0
unnamed_1334964180_0,0,0
unnamed_1334969632_0,0,0
unnamed_1334969633_0,0,0
outer-ring-road_1339101397_0,0,0
outer-ring-road_1339101397_1,0,0
unnamed_1341418196_0,100,8
grand-trunk-road_1341789496_0,0,0
unnamed_1342093258_0,0,0
unnamed_1342093263_0,0,0
unnamed_1342093264_0,0,0
unnamed_1342093265_0,0,0
unnamed_1342093266_0,0,0
unnamed_1342093267_0,0,0
unnamed_1342093268_0,0,0
unnamed_1342093269_0,0,0
unnamed_1342093272_0,0,0
dnd-kmp-expressway_1342384148_0,0,0
dnd-kmp-expressway_1342384148_1,0,0
dnd-kmp-expressway_1342384149_0,0,0
dnd-kmp-expressway_1342384151_0,0,0
dnd-kmp-expressway_1342384152_0,0,0
dnd-kmp-expressway_1342384152_1,0,0
dnd-kmp-expressway_1342384153_0,0,0
dnd-kmp-expressway_1342384153_1,0,0
dnd-kmp-expressway_1342384154_0,0,0
dnd-kmp-expressway_1342384155_0,0,0
dnd-kmp-expressway_1342384156_0,0,0
dnd-kmp-expressway_1342384157_0,0,0
outer-ring-road_1353561170_0,0,0
urban-extension-road-ii_1353593171_0,49,8
urban-extension-road-ii_1353593172_0,0,0
urban-extension-road-ii_1353593173_0,0,0
urban-extension-road-ii_1353593174_0,49,3
urban-extension-road-ii_1353593175_0,0,0
urban-extension-road-ii_1353604995_0,0,0
urban-extension-road-ii_1353604996_0,0,0
urban-extension-road-ii_1353604997_0,0,0
urban-extension-road-ii_1353604998_0,0,0
urban-extension-road-ii_1353605000_0,0,0
urban-extension-road-ii_1353605000_1,0,0
urban-extension-road-ii_1353605002_0,0,0
urban-extension-road-ii_1353605002_1,0,0
urban-extension-road-ii_1353605002_2,0,0
urban-extension-road-ii_1353607104_0,0,0
urban-extension-road-ii_1353607105_0,0,0
urban-extension-road-ii_1353607107_0,0,0
urban-extension-road-ii_1353607108_0,0,0
urban-extension-road-ii_1353607109_0,0,0
urban-extension-road-ii_1353607110_0,0,0
urban-extension-road-ii_1353607111_0,0,0
urban-extension-road-ii_1353607114_0,0,0
dwarka-expressway_1362479091_0,89,8
dnd-kmp-expressway_1368621352_0,0,0
shivaji-marg_1368958808_0,0,0
outer-ring-road_1368958811_0,0,0
mahatma-gandhi-marg_1370266035_0,0,0
mahatma-gandhi-marg_1370266053_0,0,0
mahatma-gandhi-marg_1370266056_0,0,0
mahatma-gandhi-marg_1370266059_0,0,0
rd-no-224_1376114331_0,100,8
road-number-201_1376114332_0,100,8
rd-no-224_1376114333_0,100,8
road-number-201_1376114334_0,100,8
delhi-dehradun-expressway_1377960801_0,0,0
delhi-dehradun-expressway_1377960802_0,0,0
unnamed_1380592285_0,0,0
northern-access-rd_1380592286_0,55,4
unnamed_1380592287_0,8,1
unnamed_1388971161_0,0,0
unnamed_1388973367_0,0,0
mahatma-gandhi-marg_1390014176_0,0,0
mahatma-gandhi-marg_1390014178_0,0,0
cariappa-marg_1391746433_0,0,0
pankha-road_1391746434_0,0,0
mehrauli-badarpur-road_1391873333_0,0,0
mehrauli-badarpur-road_1391873334_0,0,0
vikas-marg_1392323359_0,0,0
gt-road_1392411911_0,0,0
unnamed_1394097510_0,100,6
unnamed_1394097511_0,100,8
unnamed_1394097512_0,100,7
najafgarh-nangloi-road_1394134937_0,0,0
unnamed_1413413914_0,0,0
sham-nath-marg_1413413915_0,0,0
sham-nath-marg_1413413915_1,0,0
unnamed_1413413916_0,0,0
mahatma-gandhi-road_1413413917_0,0,0
nh9_1413464707_0,0,0
nh9_1413464708_0,0,0
nh9_1413464709_0,0,0
nh9_1413464710_0,0,0
bawana-road_1417138629_0,0,0
delhi-road_1417138632_0,0,0
delhi-road_1417138632_1,0,0
mahatma-gandhi-marg_1420874849_0,0,0
club-road-flyover_1420874850_0,0,0
mahatma-gandhi-marg_1420874851_0,0,0
mahatma-gandhi-marg_1420874852_0,0,0
mahatma-gandhi-marg_1420874854_0,0,0
mahatma-gandhi-marg_1420874855_0,0,0
mahatma-gandhi-marg_1420874856_0,0,0
abdul-gaffar-khan-marg_1421988795_0,81,8
abdul-gaffar-khan-marg_1421988797_0,100,7
abdul-gaffar-khan-marg_1421988799_0,100,8
ring-road_1425536278_0,0,0
dwarka-expressway_1425773037_0,0,0
dwarka-expressway_1425773038_0,0,0
nelson-mandela-marg_1425985949_0,0,0
abdul-gaffar-khan-marg_1425985950_0,0,0
unnamed_1426814345_0,0,0
unnamed_1426814347_0,0,0
nh344m_1427682171_0,0,0
nh344m_1427682172_0,0,0
nh344m_1427682173_0,0,0
urban-extension-road-ii_1427682180_0,0,0
urban-extension-road-ii_1427682181_0,0,0
urban-extension-road-ii_1427682197_0,0,0
urban-extension-road-ii_1427682198_0,0,0
unnamed_1427682203_0,0,0
unnamed_1427682204_0,0,0
grand-trunk-road_1427682222_0,0,0
urban-extension-road-ii_1427894414_0,0,0
urban-extension-road-ii_1427894415_0,0,0
urban-extension-road-ii_1427894416_0,0,0
urban-extension-road-ii_1427894417_0,0,0
urban-extension-road-ii_1427894420_0,0,0
urban-extension-road-ii_1427894421_0,0,0
urban-extension-road-ii_1427894428_0,0,0
urban-extension-road-ii_1427894429_0,0,0
urban-extension-road-ii_1427894450_0,0,0
urban-extension-road-ii_1427894451_0,0,0
urban-extension-road-ii_1427894452_0,0,0
urban-extension-road-ii_1427894453_0,0,0
dabri-palam-road_1428919899_0,99,8
new-rohtak-road_1429564104_0,0,0
nh248bb_1429639987_0,0,0
nh248bb_1429639987_1,0,0
nh344p_1430144222_0,0,0
nh344p_1430144223_0,0,0
nh344p_1430144224_0,0,0
nh344p_1430144226_0,0,0
nh344p_1430144227_0,0,0
nh344p_1430144228_0,0,0
urban-extension-road-ii_1430348113_0,0,0
urban-extension-road-ii_1430348114_0,0,0
urban-extension-road-ii_1430348115_0,0,0
urban-extension-road-ii_1430348116_0,0,0
urban-extension-road-ii_1430348118_0,0,0
urban-extension-road-ii_1430348119_0,0,0
urban-extension-road-ii_1430348131_0,0,0
urban-extension-road-ii_1430348132_0,0,0
urban-extension-road-ii_1430348133_0,0,0
urban-extension-road-ii_1430348134_0,0,0
urban-extension-road-ii_1430348134_1,0,0
urban-extension-road-ii_1430348140_0,0,0
urban-extension-road-ii_1430348141_0,0,0
urban-extension-road-ii_1430348142_0,0,0
urban-extension-road-ii_1430348143_0,0,0
urban-extension-road-ii_1430348144_0,0,0
urban-extension-road-ii_1430348145_0,0,0
urban-extension-road-ii_1430348146_0,0,0
urban-extension-road-ii_1430348147_0,0,0
unnamed_1430348155_0,0,0
unnamed_1430348155_1,0,0
unnamed_1430348155_2,0,0
unnamed_1430348155_3,0,0
unnamed_1430348155_4,0,0
urban-extension-road-ii_1430348157_0,0,0
urban-extension-road-ii_1430348158_0,0,0
urban-extension-road-ii_1430348159_0,0,0
urban-extension-road-ii_1430348160_0,0,0
unnamed_1430348162_0,0,0
unnamed_1430348162_1,0,0
unnamed_1430348162_2,0,0
unnamed_1430348162_3,0,0
unnamed_1430348162_4,0,0
unnamed_1430444830_0,66,2
urban-extension-road-ii_1430444831_0,93,3
urban-extension-road-ii_1430444832_0,84,1
urban-extension-road-ii_1430444833_0,90,4
dwarka-expressway_1430449911_0,87,0
dwarka-expressway_1430449912_0,69,0
dwarka-expressway_1430449913_0,96,2
dwarka-expressway_1430449914_0,84,1
outer-ring-road_1430858193_0,0,0
outer-ring-road_1430858195_0,0,0
nh248bb_1431236195_0,27,5
nh248bb_1431236196_0,24,3
nh248bb_1431236197_0,0,0
nh248bb_1431236197_1,0,0
nh248bb_1431236197_2,0,0
nh248bb_1431236197_3,63,0
nh248bb_1431236201_0,70,5
nh248bb_1431236202_0,24,2
nh248bb_1431236203_0,16,0
nh248bb_1431236203_1,0,0
nh248bb_1431236203_2,0,0
urban-extension-road-ii_1442768144_0,0,0
urban-extension-road-ii_1442768145_0,0,0
urban-extension-road-ii_1442768146_0,0,0
urban-extension-road-ii_1442768147_0,0,0
outer-ring-road_1446379669_0,0,0
unnamed_1448200085_0,82,8
unnamed_1448200086_0,100,8
nh248bb_1448200087_0,16,0
mehrauli-badarpur-road_1449595802_0,0,0
nand-nagari-flyover_1451596861_0,0,0
nand-nagari-flyover_1451596862_0,0,0
mangolpuri-flyover_1451876795_0,0,0
mangolpuri-flyover_1451876796_0,0,0
masoodpur-flyover_1451891902_0,0,0
masoodpur-flyover_1451891903_0,0,0
jangpura-road-flyover_1451897494_0,100,6
aiims-flyover_1451903122_0,0,0
barapullah-road-flyover_1451905213_0,0,0
barapullah-road-flyover_1451905214_0,0,0
unnamed_1451905215_0,0,0
delhi-dehradun-expressway_1452258071_0,0,0
delhi-dehradun-expressway_1452258072_0,0,0
delhi-dehradun-expressway_1452258073_0,0,0
mayur-vihar-flyover_1452261802_0,0,0
mayur-vihar-flyover_1452261803_0,0,0
shalimar-bagh-flyover_1452264331_0,0,0
shalimar-bagh-flyover_1452264332_0,0,0
club-road-flyover_1452265090_0,68,7
club-road-flyover_1452265091_0,62,7
mahatma-gandhi-marg_1452266223_0,0,0
shri-hans-maharaj-flyover_1452266225_0,0,0
shri-hans-maharaj-flyover_1452266226_0,0,0
delhi-dehradun-expressway_1452587944_0,0,0
delhi-dehradun-expressway_1452587945_0,0,0
mahatma-gandhi-marg_1457651694_0,0,0
rohtak-road_1463747346_0,0,0
new-rohtak-road_1463747348_0,0,0
punjabi-bagh-chowk_1464182202_0,0,0
delhi-dehradun-expressway_1466629067_0,0,0
delhi-dehradun-expressway_1467506920_0,0,0
delhi-dehradun-expressway_1467506921_0,0,0
delhi-dehradun-expressway_1467508094_0,0,0
delhi-dehradun-expressway_1467508095_0,0,0
delhi-dehradun-expressway_1467509128_0,0,0
delhi-dehradun-expressway_1467509128_1,0,0
delhi-dehradun-expressway_1467509128_2,0,0
delhi-dehradun-expressway_1467509128_3,0,0
mahatma-gandhi-marg_1468679445_0,0,0
jagdish-anand-chowk_1468679446_0,0,0
jagdish-anand-chowk_1468679448_0,0,0
rohtak-road_1472579830_0,0,0
rampura-more_1472579831_0,0,0
rampura-more_1472579833_0,0,0
vikas-marg_1474862452_0,0,0
vikas-marg_1474862453_0,0,0
outer-ring-road_1476642847_0,0,0
outer-ring-road_1476642848_0,0,0
outer-ring-road_1476642849_0,0,0
cariappa-marg_1490425989_0,0,0
cariappa-marg_1490425991_0,0,0
cariappa-marg_1490425991_1,0,0
kirby-place-junction_1490425993_0,0,0
mahatma-gandhi-marg_1491586818_0,0,0
mahatma-gandhi-marg_1491586823_0,0,0
rohtak-road_1492081914_0,0,0
outer-ring-road_1492081915_0,0,0
delhi-dehradun-expressway_1494541911_0,0,0
delhi-dehradun-expressway_1494541912_0,0,0
delhi-dehradun-expressway_1494541919_0,0,0
delhi-dehradun-expressway_1494541920_0,0,0
nityanand-marg_1495181983_0,100,8
mahatma-gandhi-marg_1495181987_0,0,0
mahatma-gandhi-marg_1495181988_0,0,0
mahatma-gandhi-marg_1495181989_0,0,0
delhi-dehradun-expressway_1498113419_0,0,0
delhi-dehradun-expressway_1498113419_1,0,0
delhi-dehradun-expressway_1498113420_0,0,0
delhi-dehradun-expressway_1498113421_0,0,0
delhi-dehradun-expressway_1498113422_0,0,0
delhi-dehradun-expressway_1498113423_0,0,0
delhi-dehradun-expressway_1498113424_0,0,0
delhi-dehradun-expressway_1498113426_0,0,0
delhi-dehradun-expressway_1498113426_1,0,0
delhi-dehradun-expressway_1498113427_0,0,0
delhi-dehradun-expressway_1498113428_0,0,0
delhi-dehradun-expressway_1498119433_0,0,0
delhi-dehradun-expressway_1498119435_0,0,0
delhi-dehradun-expressway_1498119436_0,0,0
delhi-dehradun-expressway_1498119437_0,0,0
delhi-dehradun-expressway_1498119439_0,0,0
delhi-dehradun-expressway_1498119441_0,0,0
delhi-dehradun-expressway_1498119443_0,0,0
delhi-dehradun-expressway_1498120515_0,0,0
delhi-dehradun-expressway_1499142539_0,0,0
delhi-dehradun-expressway_1499142540_0,0,0
mahatma-gandhi-marg_1499142541_0,100,8
mahatma-gandhi-marg_1499142542_0,75,7
punjabi-bagh-chowk_1499142545_0,0,0
punjabi-bagh-chowk_1499142546_0,0,0
najafgarh-nangloi-road_1501688525_0,0,0
najafgarh-nangloi-road_1501688526_0,0,0
najafgarh-nangloi-road_1501688527_0,0,0
mahatma-gandhi-marg_1503404147_0,0,0
mahatma-gandhi-marg_1503404148_0,0,0
mahatma-gandhi-marg_1503406153_0,0,0
mahatma-gandhi-marg_1503406153_1,0,0
mahatma-gandhi-marg_1503406154_0,0,0
mahatma-gandhi-marg_1503406155_0,0,0
mahatma-gandhi-marg_1503406156_0,0,0
mahatma-gandhi-marg_1503406156_1,0,0
delhi-gurugram-expressway_1508749203_0,0,0
ito-flyover_1510242193_0,78,2
unnamed_1510261609_0,0,0
mahatma-gandhi-road_1510332181_0,0,0
vikas-marg_1532163684_0,0,0
vikas-marg_1532163685_0,0,0
vikas-marg_1532163688_0,0,0
vikas-marg_1532163689_0,0,0
